entity_id,internal_entity_id,role
entity_0210,internal_student_0001,student
entity_0386,internal_student_0002,student
entity_0361,internal_student_0003,student
entity_0186,internal_student_0004,student
entity_0029,internal_student_0005,student
entity_0145,internal_student_0006,student
entity_0424,internal_student_0007,student
entity_0056,internal_student_0008,student
entity_0124,internal_student_0009,student
entity_0095,internal_student_0010,student
entity_0251,internal_student_0011,student
entity_0198,internal_student_0012,student
entity_0264,internal_student_0013,student
entity_0437,internal_student_0014,student
entity_0081,internal_student_0015,student
entity_0368,internal_student_0016,student
entity_0397,internal_student_0017,student
entity_0233,internal_student_0018,student
entity_0337,internal_student_0019,student
entity_0466,internal_student_0020,student
entity_0476,internal_student_0021,student
entity_0314,internal_student_0022,student
entity_0187,internal_student_0023,student
entity_0308,internal_student_0024,student
entity_0146,internal_student_0025,student
entity_0017,internal_student_0026,student
entity_0106,internal_student_0027,student
entity_0167,internal_student_0028,student
entity_0165,internal_student_0029,student
entity_0129,internal_student_0030,student
entity_0402,internal_student_0031,student
entity_0419,internal_student_0032,student
entity_0102,internal_student_0033,student
entity_0154,internal_student_0034,student
entity_0010,internal_student_0035,student
entity_0418,internal_student_0036,student
entity_0481,internal_student_0037,student
entity_0455,internal_student_0038,student
entity_0493,internal_student_0039,student
entity_0384,internal_student_0040,student
entity_0181,internal_student_0041,student
entity_0011,internal_student_0042,student
entity_0411,internal_student_0043,student
entity_0025,internal_student_0044,student
entity_0175,internal_student_0045,student
entity_0157,internal_student_0046,student
entity_0222,internal_student_0047,student
entity_0049,internal_student_0048,student
entity_0046,internal_student_0049,student
entity_0362,internal_student_0050,student
entity_0035,internal_student_0051,student
entity_0486,internal_student_0052,student
entity_0271,internal_student_0053,student
entity_0030,internal_student_0054,student
entity_0446,internal_student_0055,student
entity_0193,internal_student_0056,student
entity_0349,internal_student_0057,student
entity_0255,internal_student_0058,student
entity_0096,internal_student_0059,student
entity_0053,internal_student_0060,student
entity_0147,internal_student_0061,student
entity_0091,internal_student_0062,student
entity_0456,internal_student_0063,student
entity_0170,internal_student_0064,student
entity_0238,internal_student_0065,student
entity_0082,internal_student_0066,student
entity_0310,internal_student_0067,student
entity_0092,internal_student_0068,student
entity_0052,internal_student_0069,student
entity_0383,internal_student_0070,student
entity_0267,internal_student_0071,student
entity_0329,internal_student_0072,student
entity_0274,internal_student_0073,student
entity_0389,internal_student_0074,student
entity_0489,internal_student_0075,student
entity_0104,internal_student_0076,student
entity_0019,internal_student_0077,student
entity_0266,internal_student_0078,student
entity_0342,internal_student_0079,student
entity_0151,internal_student_0080,student
entity_0002,internal_student_0081,student
entity_0410,internal_student_0082,student
entity_0498,internal_student_0083,student
entity_0420,internal_student_0084,student
entity_0241,internal_student_0085,student
entity_0295,internal_student_0086,student
entity_0242,internal_student_0087,student
entity_0491,internal_student_0088,student
entity_0336,internal_student_0089,student
entity_0086,internal_student_0090,student
entity_0387,internal_student_0091,student
entity_0377,internal_student_0092,student
entity_0048,internal_student_0093,student
entity_0347,internal_student_0094,student
entity_0211,internal_student_0095,student
entity_0144,internal_student_0096,student
entity_0031,internal_student_0097,student
entity_0450,internal_student_0098,student
entity_0044,internal_student_0099,student
entity_0281,internal_student_0100,student
entity_0208,internal_student_0101,student
entity_0100,internal_student_0102,student
entity_0166,internal_student_0103,student
entity_0311,internal_student_0104,student
entity_0470,internal_student_0105,student
entity_0164,internal_student_0106,student
entity_0236,internal_student_0107,student
entity_0280,internal_student_0108,student
entity_0485,internal_student_0109,student
entity_0163,internal_student_0110,student
entity_0292,internal_student_0111,student
entity_0036,internal_student_0112,student
entity_0333,internal_student_0113,student
entity_0490,internal_student_0114,student
entity_0172,internal_student_0115,student
entity_0202,internal_student_0116,student
entity_0338,internal_student_0117,student
entity_0183,internal_student_0118,student
entity_0174,internal_student_0119,student
entity_0321,internal_student_0120,student
entity_0375,internal_student_0121,student
entity_0132,internal_student_0122,student
entity_0197,internal_student_0123,student
entity_0429,internal_student_0124,student
entity_0391,internal_student_0125,student
entity_0303,internal_student_0126,student
entity_0376,internal_student_0127,student
entity_0064,internal_student_0128,student
entity_0425,internal_student_0129,student
entity_0033,internal_student_0130,student
entity_0404,internal_student_0131,student
entity_0018,internal_student_0132,student
entity_0207,internal_student_0133,student
entity_0116,internal_student_0134,student
entity_0182,internal_student_0135,student
entity_0326,internal_student_0136,student
entity_0087,internal_student_0137,student
entity_0283,internal_student_0138,student
entity_0369,internal_student_0139,student
entity_0462,internal_student_0140,student
entity_0305,internal_student_0141,student
entity_0290,internal_student_0142,student
entity_0007,internal_student_0143,student
entity_0278,internal_student_0144,student
entity_0363,internal_student_0145,student
entity_0494,internal_student_0146,student
entity_0275,internal_student_0147,student
entity_0265,internal_student_0148,student
entity_0294,internal_student_0149,student
entity_0189,internal_student_0150,student
entity_0478,internal_student_0151,student
entity_0079,internal_student_0152,student
entity_0141,internal_student_0153,student
entity_0340,internal_student_0154,student
entity_0122,internal_student_0155,student
entity_0302,internal_student_0156,student
entity_0497,internal_student_0157,student
entity_0345,internal_student_0158,student
entity_0188,internal_student_0159,student
entity_0358,internal_student_0160,student
entity_0434,internal_student_0161,student
entity_0332,internal_student_0162,student
entity_0161,internal_student_0163,student
entity_0128,internal_student_0164,student
entity_0381,internal_student_0165,student
entity_0301,internal_student_0166,student
entity_0471,internal_student_0167,student
entity_0155,internal_student_0168,student
entity_0394,internal_student_0169,student
entity_0143,internal_student_0170,student
entity_0448,internal_student_0171,student
entity_0230,internal_student_0172,student
entity_0341,internal_student_0173,student
entity_0004,internal_student_0174,student
entity_0370,internal_student_0175,student
entity_0315,internal_student_0176,student
entity_0171,internal_student_0177,student
entity_0284,internal_student_0178,student
entity_0454,internal_student_0179,student
entity_0382,internal_student_0180,student
entity_0114,internal_student_0181,student
entity_0279,internal_student_0182,student
entity_0014,internal_student_0183,student
entity_0134,internal_student_0184,student
entity_0121,internal_student_0185,student
entity_0449,internal_student_0186,student
entity_0473,internal_student_0187,student
entity_0237,internal_student_0188,student
entity_0357,internal_student_0189,student
entity_0399,internal_student_0190,student
entity_0069,internal_student_0191,student
entity_0309,internal_student_0192,student
entity_0176,internal_student_0193,student
entity_0160,internal_student_0194,student
entity_0480,internal_student_0195,student
entity_0492,internal_student_0196,student
entity_0008,internal_student_0197,student
entity_0226,internal_student_0198,student
entity_0259,internal_student_0199,student
entity_0024,internal_student_0200,student
entity_0073,internal_student_0201,student
entity_0068,internal_student_0202,student
entity_0406,internal_student_0203,student
entity_0459,internal_student_0204,student
entity_0327,internal_student_0205,student
entity_0287,internal_student_0206,student
entity_0015,internal_student_0207,student
entity_0249,internal_student_0208,student
entity_0190,internal_student_0209,student
entity_0022,internal_student_0210,student
entity_0346,internal_student_0211,student
entity_0306,internal_student_0212,student
entity_0047,internal_student_0213,student
entity_0380,internal_student_0214,student
entity_0062,internal_student_0215,student
entity_0407,internal_student_0216,student
entity_0350,internal_student_0217,student
entity_0300,internal_student_0218,student
entity_0366,internal_student_0219,student
entity_0432,internal_student_0220,student
entity_0027,internal_student_0221,student
entity_0318,internal_student_0222,student
entity_0216,internal_student_0223,student
entity_0119,internal_student_0224,student
entity_0388,internal_student_0225,student
entity_0445,internal_student_0226,student
entity_0057,internal_student_0227,student
entity_0083,internal_student_0228,student
entity_0195,internal_student_0229,student
entity_0482,internal_student_0230,student
entity_0067,internal_student_0231,student
entity_0428,internal_student_0232,student
entity_0206,internal_student_0233,student
entity_0232,internal_student_0234,student
entity_0461,internal_student_0235,student
entity_0323,internal_student_0236,student
entity_0221,internal_student_0237,student
entity_0379,internal_student_0238,student
entity_0246,internal_student_0239,student
entity_0433,internal_student_0240,student
entity_0204,internal_student_0241,student
entity_0225,internal_student_0242,student
entity_0192,internal_student_0243,student
entity_0130,internal_student_0244,student
entity_0180,internal_student_0245,student
entity_0217,internal_student_0246,student
entity_0408,internal_student_0247,student
entity_0159,internal_student_0248,student
entity_0093,internal_student_0249,student
entity_0367,internal_student_0250,student
entity_0299,internal_student_0251,student
entity_0065,internal_student_0252,student
entity_0414,internal_student_0253,student
entity_0396,internal_student_0254,student
entity_0282,internal_student_0255,student
entity_0328,internal_student_0256,student
entity_0344,internal_student_0257,student
entity_0042,internal_student_0258,student
entity_0245,internal_student_0259,student
entity_0085,internal_student_0260,student
entity_0113,internal_student_0261,student
entity_0055,internal_student_0262,student
entity_0111,internal_student_0263,student
entity_0244,internal_student_0264,student
entity_0460,internal_student_0265,student
entity_0234,internal_student_0266,student
entity_0153,internal_student_0267,student
entity_0469,internal_student_0268,student
entity_0005,internal_student_0269,student
entity_0392,internal_student_0270,student
entity_0084,internal_student_0271,student
entity_0356,internal_student_0272,student
entity_0355,internal_student_0273,student
entity_0071,internal_student_0274,student
entity_0101,internal_student_0275,student
entity_0152,internal_student_0276,student
entity_0409,internal_student_0277,student
entity_0223,internal_student_0278,student
entity_0484,internal_student_0279,student
entity_0276,internal_student_0280,student
entity_0212,internal_student_0281,student
entity_0168,internal_student_0282,student
entity_0127,internal_student_0283,student
entity_0472,internal_student_0284,student
entity_0289,internal_student_0285,student
entity_0038,internal_student_0286,student
entity_0158,internal_student_0287,student
entity_0359,internal_student_0288,student
entity_0009,internal_student_0289,student
entity_0269,internal_student_0290,student
entity_0312,internal_student_0291,student
entity_0098,internal_student_0292,student
entity_0150,internal_student_0293,student
entity_0074,internal_student_0294,student
entity_0313,internal_student_0295,student
entity_0094,internal_student_0296,student
entity_0293,internal_student_0297,student
entity_0403,internal_student_0298,student
entity_0219,internal_student_0299,student
entity_0291,internal_student_0300,student
entity_0250,internal_student_0301,student
entity_0256,internal_student_0302,student
entity_0451,internal_student_0303,student
entity_0135,internal_student_0304,student
entity_0463,internal_student_0305,student
entity_0436,internal_student_0306,student
entity_0215,internal_student_0307,student
entity_0043,internal_student_0308,student
entity_0012,internal_student_0309,student
entity_0228,internal_student_0310,student
entity_0045,internal_student_0311,student
entity_0123,internal_student_0312,student
entity_0500,internal_student_0313,student
entity_0148,internal_student_0314,student
entity_0136,internal_student_0315,student
entity_0224,internal_student_0316,student
entity_0263,internal_student_0317,student
entity_0270,internal_student_0318,student
entity_0364,internal_student_0319,student
entity_0351,internal_student_0320,student
entity_0061,internal_student_0321,student
entity_0458,internal_student_0322,student
entity_0254,internal_student_0323,student
entity_0125,internal_student_0324,student
entity_0137,internal_student_0325,student
entity_0117,internal_student_0326,student
entity_0118,internal_student_0327,student
entity_0412,internal_student_0328,student
entity_0097,internal_student_0329,student
entity_0099,internal_student_0330,student
entity_0051,internal_student_0331,student
entity_0360,internal_student_0332,student
entity_0200,internal_student_0333,student
entity_0179,internal_student_0334,student
entity_0184,internal_student_0335,student
entity_0021,internal_student_0336,student
entity_0040,internal_student_0337,student
entity_0080,internal_student_0338,student
entity_0487,internal_student_0339,student
entity_0120,internal_student_0340,student
entity_0260,internal_student_0341,student
entity_0149,internal_student_0342,student
entity_0213,internal_student_0343,student
entity_0395,internal_student_0344,student
entity_0298,internal_student_0345,student
entity_0231,internal_student_0346,student
entity_0307,internal_student_0347,student
entity_0297,internal_student_0348,student
entity_0262,internal_student_0349,student
entity_0317,internal_student_0350,student
entity_0072,internal_student_0351,student
entity_0285,internal_student_0352,student
entity_0348,internal_student_0353,student
entity_0390,internal_student_0354,student
entity_0426,internal_student_0355,student
entity_0447,internal_student_0356,student
entity_0400,internal_student_0357,student
entity_0058,internal_student_0358,student
entity_0378,internal_student_0359,student
entity_0173,internal_student_0360,student
entity_0374,internal_student_0361,student
entity_0296,internal_student_0362,student
entity_0272,internal_student_0363,student
entity_0443,internal_student_0364,student
entity_0304,internal_student_0365,student
entity_0013,internal_student_0366,student
entity_0112,internal_student_0367,student
entity_0431,internal_student_0368,student
entity_0393,internal_student_0369,student
entity_0268,internal_student_0370,student
entity_0108,internal_student_0371,student
entity_0240,internal_student_0372,student
entity_0320,internal_student_0373,student
entity_0139,internal_student_0374,student
entity_0105,internal_student_0375,student
entity_0261,internal_student_0376,student
entity_0039,internal_student_0377,student
entity_0090,internal_student_0378,student
entity_0335,internal_student_0379,student
entity_0319,internal_student_0380,student
entity_0032,internal_student_0381,student
entity_0415,internal_student_0382,student
entity_0405,internal_student_0383,student
entity_0324,internal_student_0384,student
entity_0194,internal_student_0385,student
entity_0452,internal_student_0386,student
entity_0142,internal_student_0387,student
entity_0028,internal_student_0388,student
entity_0442,internal_student_0389,student
entity_0243,internal_student_0390,student
entity_0371,internal_student_0391,student
entity_0330,internal_student_0392,student
entity_0178,internal_student_0393,student
entity_0416,internal_student_0394,student
entity_0258,internal_student_0395,student
entity_0288,internal_student_0396,student
entity_0422,internal_student_0397,student
entity_0088,internal_student_0398,student
entity_0218,internal_student_0399,student
entity_0435,internal_student_0400,student
entity_0334,internal_supervisor_0001,supervisor
entity_0423,internal_supervisor_0002,supervisor
entity_0475,internal_supervisor_0003,supervisor
entity_0063,internal_supervisor_0004,supervisor
entity_0177,internal_supervisor_0005,supervisor
entity_0440,internal_supervisor_0006,supervisor
entity_0169,internal_supervisor_0007,supervisor
entity_0185,internal_supervisor_0008,supervisor
entity_0133,internal_supervisor_0009,supervisor
entity_0316,internal_supervisor_0010,supervisor
entity_0385,internal_supervisor_0011,supervisor
entity_0372,internal_supervisor_0012,supervisor
entity_0020,internal_supervisor_0013,supervisor
entity_0352,internal_supervisor_0014,supervisor
entity_0041,internal_supervisor_0015,supervisor
entity_0253,internal_supervisor_0016,supervisor
entity_0427,internal_supervisor_0017,supervisor
entity_0248,internal_supervisor_0018,supervisor
entity_0479,internal_supervisor_0019,supervisor
entity_0257,internal_supervisor_0020,supervisor
entity_0109,internal_supervisor_0021,supervisor
entity_0417,internal_supervisor_0022,supervisor
entity_0322,internal_supervisor_0023,supervisor
entity_0277,internal_supervisor_0024,supervisor
entity_0001,internal_supervisor_0025,supervisor
entity_0453,internal_supervisor_0026,supervisor
entity_0421,internal_supervisor_0027,supervisor
entity_0059,internal_supervisor_0028,supervisor
entity_0191,internal_supervisor_0029,supervisor
entity_0110,internal_supervisor_0030,supervisor
entity_0464,internal_supervisor_0031,supervisor
entity_0126,internal_supervisor_0032,supervisor
entity_0354,internal_supervisor_0033,supervisor
entity_0089,internal_supervisor_0034,supervisor
entity_0214,internal_supervisor_0035,supervisor
entity_0457,internal_supervisor_0036,supervisor
entity_0006,internal_supervisor_0037,supervisor
entity_0325,internal_supervisor_0038,supervisor
entity_0140,internal_supervisor_0039,supervisor
entity_0227,internal_supervisor_0040,supervisor
entity_0076,internal_supervisor_0041,supervisor
entity_0060,internal_supervisor_0042,supervisor
entity_0398,internal_supervisor_0043,supervisor
entity_0273,internal_supervisor_0044,supervisor
entity_0162,internal_supervisor_0045,supervisor
entity_0034,internal_supervisor_0046,supervisor
entity_0439,internal_supervisor_0047,supervisor
entity_0444,internal_supervisor_0048,supervisor
entity_0468,internal_supervisor_0049,supervisor
entity_0286,internal_supervisor_0050,supervisor
entity_0474,internal_supervisor_0051,supervisor
entity_0343,internal_supervisor_0052,supervisor
entity_0196,internal_supervisor_0053,supervisor
entity_0070,internal_supervisor_0054,supervisor
entity_0441,internal_supervisor_0055,supervisor
entity_0438,internal_supervisor_0056,supervisor
entity_0115,internal_supervisor_0057,supervisor
entity_0365,internal_supervisor_0058,supervisor
entity_0401,internal_supervisor_0059,supervisor
entity_0138,internal_supervisor_0060,supervisor
entity_0229,internal_supervisor_0061,supervisor
entity_0203,internal_supervisor_0062,supervisor
entity_0131,internal_supervisor_0063,supervisor
entity_0235,internal_supervisor_0064,supervisor
entity_0239,internal_supervisor_0065,supervisor
entity_0331,internal_supervisor_0066,supervisor
entity_0077,internal_supervisor_0067,supervisor
entity_0205,internal_supervisor_0068,supervisor
entity_0247,internal_supervisor_0069,supervisor
entity_0066,internal_supervisor_0070,supervisor
entity_0103,internal_supervisor_0071,supervisor
entity_0413,internal_supervisor_0072,supervisor
entity_0353,internal_supervisor_0073,supervisor
entity_0075,internal_supervisor_0074,supervisor
entity_0023,internal_supervisor_0075,supervisor
entity_0037,internal_supervisor_0076,supervisor
entity_0467,internal_supervisor_0077,supervisor
entity_0003,internal_supervisor_0078,supervisor
entity_0477,internal_supervisor_0079,supervisor
entity_0078,internal_supervisor_0080,supervisor
entity_0156,internal_supervisor_0081,supervisor
entity_0199,internal_supervisor_0082,supervisor
entity_0054,internal_supervisor_0083,supervisor
entity_0430,internal_supervisor_0084,supervisor
entity_0465,internal_supervisor_0085,supervisor
entity_0373,internal_supervisor_0086,supervisor
entity_0026,internal_supervisor_0087,supervisor
entity_0050,internal_supervisor_0088,supervisor
entity_0252,internal_supervisor_0089,supervisor
entity_0209,internal_supervisor_0090,supervisor
entity_0499,internal_supervisor_0091,supervisor
entity_0483,internal_supervisor_0092,supervisor
entity_0107,internal_supervisor_0093,supervisor
entity_0201,internal_supervisor_0094,supervisor
entity_0488,internal_supervisor_0095,supervisor
entity_0495,internal_supervisor_0096,supervisor
entity_0339,internal_supervisor_0097,supervisor
entity_0220,internal_supervisor_0098,supervisor
entity_0496,internal_supervisor_0099,supervisor
entity_0016,internal_supervisor_0100,supervisor
