entity_1,entity_2,label,split
entity_0398,entity_0147,0,train
entity_0147,entity_0398,1,test
entity_0456,entity_0214,1,train
entity_0214,entity_0456,0,test
entity_0196,entity_0249,0,train
entity_0249,entity_0196,1,test
entity_0065,entity_0322,1,train
entity_0322,entity_0065,0,test
entity_0227,entity_0127,0,train
entity_0127,entity_0227,1,test
entity_0220,entity_0396,0,train
entity_0396,entity_0220,1,test
entity_0140,entity_0324,0,train
entity_0324,entity_0140,1,test
entity_0178,entity_0026,1,train
entity_0026,entity_0178,0,test
entity_0077,entity_0082,0,train
entity_0082,entity_0077,1,test
entity_0484,entity_0003,1,train
entity_0003,entity_0484,0,test
entity_0453,entity_0473,0,train
entity_0473,entity_0453,1,test
entity_0202,entity_0185,1,train
entity_0185,entity_0202,0,test
entity_0067,entity_0050,1,train
entity_0050,entity_0067,0,test
entity_0284,entity_0495,1,train
entity_0495,entity_0284,0,test
entity_0325,entity_0259,0,train
entity_0259,entity_0325,1,test
entity_0476,entity_0016,1,train
entity_0016,entity_0476,0,test
entity_0495,entity_0153,0,train
entity_0153,entity_0495,1,test
entity_0060,entity_0342,0,train
entity_0342,entity_0060,1,test
entity_0103,entity_0490,0,train
entity_0490,entity_0103,1,test
entity_0162,entity_0406,0,train
entity_0406,entity_0162,1,test
entity_0470,entity_0162,1,train
entity_0162,entity_0470,0,test
entity_0245,entity_0354,1,train
entity_0354,entity_0245,0,test
entity_0133,entity_0397,0,train
entity_0397,entity_0133,1,test
entity_0443,entity_0430,1,train
entity_0430,entity_0443,0,test
entity_0308,entity_0201,1,train
entity_0201,entity_0308,0,test
entity_0098,entity_0185,1,train
entity_0185,entity_0098,0,test
entity_0412,entity_0479,1,train
entity_0479,entity_0412,0,test
entity_0176,entity_0016,1,train
entity_0016,entity_0176,0,test
entity_0037,entity_0232,0,train
entity_0232,entity_0037,1,test
entity_0131,entity_0129,0,train
entity_0129,entity_0131,1,test
entity_0005,entity_0138,1,train
entity_0138,entity_0005,0,test
entity_0015,entity_0078,1,train
entity_0078,entity_0015,0,test
entity_0163,entity_0423,1,train
entity_0423,entity_0163,0,test
entity_0162,entity_0208,0,train
entity_0208,entity_0162,1,test
entity_0298,entity_0475,1,train
entity_0475,entity_0298,0,test
entity_0499,entity_0221,0,train
entity_0221,entity_0499,1,test
entity_0074,entity_0110,1,train
entity_0110,entity_0074,0,test
entity_0219,entity_0253,1,train
entity_0253,entity_0219,0,test
entity_0173,entity_0247,1,train
entity_0247,entity_0173,0,test
entity_0006,entity_0288,0,train
entity_0288,entity_0006,1,test
entity_0076,entity_0379,0,train
entity_0379,entity_0076,1,test
entity_0438,entity_0391,0,train
entity_0391,entity_0438,1,test
entity_0302,entity_0059,1,train
entity_0059,entity_0302,0,test
entity_0436,entity_0196,1,train
entity_0196,entity_0436,0,test
entity_0280,entity_0169,1,train
entity_0169,entity_0280,0,test
entity_0421,entity_0124,0,train
entity_0124,entity_0421,1,test
entity_0483,entity_0363,0,train
entity_0363,entity_0483,1,test
entity_0463,entity_0115,1,train
entity_0115,entity_0463,0,test
entity_0399,entity_0277,1,train
entity_0277,entity_0399,0,test
entity_0239,entity_0204,0,train
entity_0204,entity_0239,1,test
entity_0339,entity_0246,0,train
entity_0246,entity_0339,1,test
entity_0345,entity_0078,1,train
entity_0078,entity_0345,0,test
entity_0398,entity_0197,0,train
entity_0197,entity_0398,1,test
entity_0229,entity_0411,0,train
entity_0411,entity_0229,1,test
entity_0483,entity_0222,0,train
entity_0222,entity_0483,1,test
entity_0005,entity_0339,1,train
entity_0339,entity_0005,0,test
entity_0468,entity_0123,0,train
entity_0123,entity_0468,1,test
entity_0165,entity_0177,1,train
entity_0177,entity_0165,0,test
entity_0320,entity_0325,1,train
entity_0325,entity_0320,0,test
entity_0203,entity_0120,0,train
entity_0120,entity_0203,1,test
entity_0424,entity_0109,1,train
entity_0109,entity_0424,0,test
entity_0291,entity_0457,1,train
entity_0457,entity_0291,0,test
entity_0034,entity_0258,0,train
entity_0258,entity_0034,1,test
entity_0465,entity_0300,0,train
entity_0300,entity_0465,1,test
entity_0499,entity_0044,0,train
entity_0044,entity_0499,1,test
entity_0108,entity_0077,1,train
entity_0077,entity_0108,0,test
entity_0105,entity_0177,1,train
entity_0177,entity_0105,0,test
entity_0438,entity_0318,0,train
entity_0318,entity_0438,1,test
entity_0137,entity_0474,1,train
entity_0474,entity_0137,0,test
entity_0294,entity_0343,1,train
entity_0343,entity_0294,0,test
entity_0076,entity_0222,0,train
entity_0222,entity_0076,1,test
entity_0339,entity_0428,0,train
entity_0428,entity_0339,1,test
entity_0229,entity_0187,0,train
entity_0187,entity_0229,1,test
entity_0172,entity_0438,1,train
entity_0438,entity_0172,0,test
entity_0204,entity_0252,1,train
entity_0252,entity_0204,0,test
entity_0235,entity_0321,0,train
entity_0321,entity_0235,1,test
entity_0371,entity_0054,1,train
entity_0054,entity_0371,0,test
entity_0121,entity_0109,1,train
entity_0109,entity_0121,0,test
entity_0265,entity_0185,1,train
entity_0185,entity_0265,0,test
entity_0017,entity_0430,1,train
entity_0430,entity_0017,0,test
entity_0136,entity_0001,1,train
entity_0001,entity_0136,0,test
entity_0430,entity_0384,0,train
entity_0384,entity_0430,1,test
entity_0184,entity_0037,1,train
entity_0037,entity_0184,0,test
entity_0473,entity_0372,1,train
entity_0372,entity_0473,0,test
entity_0490,entity_0247,1,train
entity_0247,entity_0490,0,test
entity_0493,entity_0479,1,train
entity_0479,entity_0493,0,test
entity_0431,entity_0495,1,train
entity_0495,entity_0431,0,test
entity_0138,entity_0454,0,train
entity_0454,entity_0138,1,test
entity_0138,entity_0392,0,train
entity_0392,entity_0138,1,test
entity_0364,entity_0041,1,train
entity_0041,entity_0364,0,test
entity_0270,entity_0026,1,train
entity_0026,entity_0270,0,test
entity_0345,entity_0214,1,train
entity_0214,entity_0345,0,test
entity_0353,entity_0425,0,train
entity_0425,entity_0353,1,test
entity_0227,entity_0224,0,train
entity_0224,entity_0227,1,test
entity_0385,entity_0145,0,train
entity_0145,entity_0385,1,test
entity_0141,entity_0316,1,train
entity_0316,entity_0141,0,test
entity_0273,entity_0051,0,train
entity_0051,entity_0273,1,test
entity_0247,entity_0305,0,train
entity_0305,entity_0247,1,test
entity_0001,entity_0274,0,train
entity_0274,entity_0001,1,test
entity_0361,entity_0427,1,train
entity_0427,entity_0361,0,test
entity_0279,entity_0239,1,train
entity_0239,entity_0279,0,test
entity_0343,entity_0350,0,train
entity_0350,entity_0343,1,test
entity_0277,entity_0263,0,train
entity_0263,entity_0277,1,test
entity_0128,entity_0078,1,train
entity_0078,entity_0128,0,test
entity_0122,entity_0199,1,train
entity_0199,entity_0122,0,test
entity_0155,entity_0372,1,train
entity_0372,entity_0155,0,test
entity_0056,entity_0499,1,train
entity_0499,entity_0056,0,test
entity_0104,entity_0235,1,train
entity_0235,entity_0104,0,test
entity_0338,entity_0156,1,train
entity_0156,entity_0338,0,test
entity_0483,entity_0082,0,train
entity_0082,entity_0483,1,test
entity_0467,entity_0216,0,train
entity_0216,entity_0467,1,test
entity_0351,entity_0352,1,train
entity_0352,entity_0351,0,test
entity_0280,entity_0427,1,train
entity_0427,entity_0280,0,test
entity_0434,entity_0034,1,train
entity_0034,entity_0434,0,test
entity_0320,entity_0199,1,train
entity_0199,entity_0320,0,test
entity_0215,entity_0191,1,train
entity_0191,entity_0215,0,test
entity_0094,entity_0110,1,train
entity_0110,entity_0094,0,test
entity_0019,entity_0495,1,train
entity_0495,entity_0019,0,test
entity_0220,entity_0125,0,train
entity_0125,entity_0220,1,test
entity_0287,entity_0023,1,train
entity_0023,entity_0287,0,test
entity_0177,entity_0415,0,train
entity_0415,entity_0177,1,test
entity_0438,entity_0161,0,train
entity_0161,entity_0438,1,test
entity_0356,entity_0373,1,train
entity_0373,entity_0356,0,test
entity_0441,entity_0108,0,train
entity_0108,entity_0441,1,test
entity_0256,entity_0078,1,train
entity_0078,entity_0256,0,test
entity_0193,entity_0423,1,train
entity_0423,entity_0193,0,test
entity_0451,entity_0444,1,train
entity_0444,entity_0451,0,test
entity_0496,entity_0337,0,train
entity_0337,entity_0496,1,test
entity_0340,entity_0398,1,train
entity_0398,entity_0340,0,test
entity_0165,entity_0034,1,train
entity_0034,entity_0165,0,test
entity_0052,entity_0496,1,train
entity_0496,entity_0052,0,test
entity_0195,entity_0126,1,train
entity_0126,entity_0195,0,test
entity_0464,entity_0246,0,train
entity_0246,entity_0464,1,test
entity_0184,entity_0115,1,train
entity_0115,entity_0184,0,test
entity_0038,entity_0214,1,train
entity_0214,entity_0038,0,test
entity_0467,entity_0251,0,train
entity_0251,entity_0467,1,test
entity_0362,entity_0488,1,train
entity_0488,entity_0362,0,test
entity_0020,entity_0281,0,train
entity_0281,entity_0020,1,test
entity_0331,entity_0207,0,train
entity_0207,entity_0331,1,test
entity_0223,entity_0214,1,train
entity_0214,entity_0223,0,test
entity_0385,entity_0113,0,train
entity_0113,entity_0385,1,test
entity_0475,entity_0042,0,train
entity_0042,entity_0475,1,test
entity_0315,entity_0352,1,train
entity_0352,entity_0315,0,test
entity_0066,entity_0375,0,train
entity_0375,entity_0066,1,test
entity_0425,entity_0239,1,train
entity_0239,entity_0425,0,test
entity_0054,entity_0236,0,train
entity_0236,entity_0054,1,test
entity_0461,entity_0398,1,train
entity_0398,entity_0461,0,test
entity_0148,entity_0457,1,train
entity_0457,entity_0148,0,test
entity_0014,entity_0496,1,train
entity_0496,entity_0014,0,test
entity_0162,entity_0272,0,train
entity_0272,entity_0162,1,test
entity_0468,entity_0090,0,train
entity_0090,entity_0468,1,test
entity_0397,entity_0020,1,train
entity_0020,entity_0397,0,test
entity_0444,entity_0317,0,train
entity_0317,entity_0444,1,test
entity_0372,entity_0073,0,train
entity_0073,entity_0372,1,test
entity_0059,entity_0080,0,train
entity_0080,entity_0059,1,test
entity_0037,entity_0359,0,train
entity_0359,entity_0037,1,test
entity_0334,entity_0188,0,train
entity_0188,entity_0334,1,test
entity_0205,entity_0086,0,train
entity_0086,entity_0205,1,test
entity_0357,entity_0077,1,train
entity_0077,entity_0357,0,test
entity_0423,entity_0093,0,train
entity_0093,entity_0423,1,test
entity_0271,entity_0464,1,train
entity_0464,entity_0271,0,test
entity_0003,entity_0416,0,train
entity_0416,entity_0003,1,test
entity_0483,entity_0223,0,train
entity_0223,entity_0483,1,test
entity_0094,entity_0034,1,train
entity_0034,entity_0094,0,test
entity_0016,entity_0171,0,train
entity_0171,entity_0016,1,test
entity_0438,entity_0450,0,train
entity_0450,entity_0438,1,test
entity_0483,entity_0200,0,train
entity_0200,entity_0483,1,test
entity_0253,entity_0065,0,train
entity_0065,entity_0253,1,test
entity_0334,entity_0147,0,train
entity_0147,entity_0334,1,test
entity_0156,entity_0017,0,train
entity_0017,entity_0156,1,test
entity_0090,entity_0016,1,train
entity_0016,entity_0090,0,test
entity_0401,entity_0344,0,train
entity_0344,entity_0401,1,test
entity_0076,entity_0238,0,train
entity_0238,entity_0076,1,test
entity_0129,entity_0398,1,train
entity_0398,entity_0129,0,test
entity_0336,entity_0109,1,train
entity_0109,entity_0336,0,test
entity_0300,entity_0252,1,train
entity_0252,entity_0300,0,test
entity_0427,entity_0358,0,train
entity_0358,entity_0427,1,test
entity_0496,entity_0088,0,train
entity_0088,entity_0496,1,test
entity_0060,entity_0212,0,train
entity_0212,entity_0060,1,test
entity_0162,entity_0233,0,train
entity_0233,entity_0162,1,test
entity_0438,entity_0336,0,train
entity_0336,entity_0438,1,test
entity_0164,entity_0060,1,train
entity_0060,entity_0164,0,test
entity_0072,entity_0203,1,train
entity_0203,entity_0072,0,test
entity_0295,entity_0474,1,train
entity_0474,entity_0295,0,test
entity_0283,entity_0488,1,train
entity_0488,entity_0283,0,test
entity_0084,entity_0427,1,train
entity_0427,entity_0084,0,test
entity_0297,entity_0331,1,train
entity_0331,entity_0297,0,test
entity_0050,entity_0275,0,train
entity_0275,entity_0050,1,test
entity_0441,entity_0402,0,train
entity_0402,entity_0441,1,test
entity_0327,entity_0214,1,train
entity_0214,entity_0327,0,test
entity_0253,entity_0046,0,train
entity_0046,entity_0253,1,test
entity_0353,entity_0083,0,train
entity_0083,entity_0353,1,test
entity_0166,entity_0354,1,train
entity_0354,entity_0166,0,test
entity_0071,entity_0201,1,train
entity_0201,entity_0071,0,test
entity_0086,entity_0248,1,train
entity_0248,entity_0086,0,test
entity_0354,entity_0376,0,train
entity_0376,entity_0354,1,test
entity_0199,entity_0036,0,train
entity_0036,entity_0199,1,test
entity_0262,entity_0133,1,train
entity_0133,entity_0262,0,test
entity_0417,entity_0451,0,train
entity_0451,entity_0417,1,test
entity_0453,entity_0361,0,train
entity_0361,entity_0453,1,test
entity_0419,entity_0077,1,train
entity_0077,entity_0419,0,test
entity_0016,entity_0014,0,train
entity_0014,entity_0016,1,test
entity_0414,entity_0060,1,train
entity_0060,entity_0414,0,test
entity_0263,entity_0444,1,train
entity_0444,entity_0263,0,test
entity_0077,entity_0307,0,train
entity_0307,entity_0077,1,test
entity_0077,entity_0254,0,train
entity_0254,entity_0077,1,test
entity_0034,entity_0266,0,train
entity_0266,entity_0034,1,test
entity_0237,entity_0477,1,train
entity_0477,entity_0237,0,test
entity_0006,entity_0293,0,train
entity_0293,entity_0006,1,test
entity_0104,entity_0353,1,train
entity_0353,entity_0104,0,test
entity_0346,entity_0252,1,train
entity_0252,entity_0346,0,test
entity_0468,entity_0492,0,train
entity_0492,entity_0468,1,test
entity_0061,entity_0110,1,train
entity_0110,entity_0061,0,test
entity_0006,entity_0326,0,train
entity_0326,entity_0006,1,test
entity_0468,entity_0383,0,train
entity_0383,entity_0468,1,test
entity_0252,entity_0047,0,train
entity_0047,entity_0252,1,test
entity_0023,entity_0160,0,train
entity_0160,entity_0023,1,test
entity_0006,entity_0349,0,train
entity_0349,entity_0006,1,test
entity_0041,entity_0010,0,train
entity_0010,entity_0041,1,test
entity_0386,entity_0126,1,train
entity_0126,entity_0386,0,test
entity_0140,entity_0406,0,train
entity_0406,entity_0140,1,test
entity_0325,entity_0293,0,train
entity_0293,entity_0325,1,test
entity_0408,entity_0468,1,train
entity_0468,entity_0408,0,test
entity_0474,entity_0151,0,train
entity_0151,entity_0474,1,test
entity_0087,entity_0439,1,train
entity_0439,entity_0087,0,test
entity_0398,entity_0045,0,train
entity_0045,entity_0398,1,test
entity_0248,entity_0135,0,train
entity_0135,entity_0248,1,test
entity_0264,entity_0257,1,train
entity_0257,entity_0264,0,test
entity_0253,entity_0388,0,train
entity_0388,entity_0253,1,test
entity_0242,entity_0401,1,train
entity_0401,entity_0242,0,test
entity_0296,entity_0496,1,train
entity_0496,entity_0296,0,test
entity_0427,entity_0099,0,train
entity_0099,entity_0427,1,test
entity_0369,entity_0199,1,train
entity_0199,entity_0369,0,test
entity_0494,entity_0441,1,train
entity_0441,entity_0494,0,test
entity_0474,entity_0031,0,train
entity_0031,entity_0474,1,test
entity_0270,entity_0273,1,train
entity_0273,entity_0270,0,test
entity_0027,entity_0239,1,train
entity_0239,entity_0027,0,test
entity_0333,entity_0199,1,train
entity_0199,entity_0333,0,test
entity_0257,entity_0487,0,train
entity_0487,entity_0257,1,test
entity_0444,entity_0342,0,train
entity_0342,entity_0444,1,test
entity_0331,entity_0230,0,train
entity_0230,entity_0331,1,test
entity_0026,entity_0275,0,train
entity_0275,entity_0026,1,test
entity_0417,entity_0091,0,train
entity_0091,entity_0417,1,test
entity_0239,entity_0198,0,train
entity_0198,entity_0239,1,test
entity_0059,entity_0497,0,train
entity_0497,entity_0059,1,test
entity_0131,entity_0481,0,train
entity_0481,entity_0131,1,test
entity_0220,entity_0231,0,train
entity_0231,entity_0220,1,test
entity_0206,entity_0060,1,train
entity_0060,entity_0206,0,test
entity_0115,entity_0210,0,train
entity_0210,entity_0115,1,test
entity_0469,entity_0059,1,train
entity_0059,entity_0469,0,test
entity_0325,entity_0216,0,train
entity_0216,entity_0325,1,test
entity_0138,entity_0272,0,train
entity_0272,entity_0138,1,test
entity_0374,entity_0103,1,train
entity_0103,entity_0374,0,test
entity_0317,entity_0352,1,train
entity_0352,entity_0317,0,test
entity_0003,entity_0282,0,train
entity_0282,entity_0003,1,test
entity_0324,entity_0016,1,train
entity_0016,entity_0324,0,test
entity_0097,entity_0138,1,train
entity_0138,entity_0097,0,test
entity_0227,entity_0313,0,train
entity_0313,entity_0227,1,test
entity_0134,entity_0162,1,train
entity_0162,entity_0134,0,test
entity_0146,entity_0398,1,train
entity_0398,entity_0146,0,test
entity_0453,entity_0221,0,train
entity_0221,entity_0453,1,test
entity_0252,entity_0127,0,train
entity_0127,entity_0252,1,test
entity_0499,entity_0420,0,train
entity_0420,entity_0499,1,test
entity_0257,entity_0049,0,train
entity_0049,entity_0257,1,test
entity_0054,entity_0278,0,train
entity_0278,entity_0054,1,test
entity_0041,entity_0459,0,train
entity_0459,entity_0041,1,test
entity_0398,entity_0476,0,train
entity_0476,entity_0398,1,test
entity_0217,entity_0483,1,train
entity_0483,entity_0217,0,test
entity_0059,entity_0408,0,train
entity_0408,entity_0059,1,test
entity_0429,entity_0477,1,train
entity_0477,entity_0429,0,test
entity_0394,entity_0156,1,train
entity_0156,entity_0394,0,test
entity_0031,entity_0185,1,train
entity_0185,entity_0031,0,test
entity_0358,entity_0439,1,train
entity_0439,entity_0358,0,test
entity_0474,entity_0154,0,train
entity_0154,entity_0474,1,test
entity_0020,entity_0143,0,train
entity_0143,entity_0020,1,test
entity_0181,entity_0465,1,train
entity_0465,entity_0181,0,test
entity_0467,entity_0455,0,train
entity_0455,entity_0467,1,test
entity_0282,entity_0401,1,train
entity_0401,entity_0282,0,test
entity_0158,entity_0156,1,train
entity_0156,entity_0158,0,test
entity_0248,entity_0207,0,train
entity_0207,entity_0248,1,test
entity_0325,entity_0319,0,train
entity_0319,entity_0325,1,test
entity_0227,entity_0033,0,train
entity_0033,entity_0227,1,test
entity_0441,entity_0245,0,train
entity_0245,entity_0441,1,test
entity_0466,entity_0020,1,train
entity_0020,entity_0466,0,test
entity_0309,entity_0109,1,train
entity_0109,entity_0309,0,test
entity_0446,entity_0220,1,train
entity_0220,entity_0446,0,test
entity_0347,entity_0339,1,train
entity_0339,entity_0347,0,test
entity_0142,entity_0050,1,train
entity_0050,entity_0142,0,test
entity_0452,entity_0401,1,train
entity_0401,entity_0452,0,test
entity_0002,entity_0115,1,train
entity_0115,entity_0002,0,test
entity_0059,entity_0410,0,train
entity_0410,entity_0059,1,test
entity_0441,entity_0146,0,train
entity_0146,entity_0441,1,test
entity_0343,entity_0067,0,train
entity_0067,entity_0343,1,test
entity_0467,entity_0228,0,train
entity_0228,entity_0467,1,test
entity_0055,entity_0107,1,train
entity_0107,entity_0055,0,test
entity_0133,entity_0478,0,train
entity_0478,entity_0133,1,test
entity_0243,entity_0078,1,train
entity_0078,entity_0243,0,test
entity_0037,entity_0378,0,train
entity_0378,entity_0037,1,test
entity_0229,entity_0366,0,train
entity_0366,entity_0229,1,test
entity_0464,entity_0083,0,train
entity_0083,entity_0464,1,test
entity_0312,entity_0220,1,train
entity_0220,entity_0312,0,test
entity_0029,entity_0430,1,train
entity_0430,entity_0029,0,test
entity_0261,entity_0286,1,train
entity_0286,entity_0261,0,test
entity_0498,entity_0131,1,train
entity_0131,entity_0498,0,test
entity_0286,entity_0279,0,train
entity_0279,entity_0286,1,test
entity_0013,entity_0063,1,train
entity_0063,entity_0013,0,test
entity_0290,entity_0252,1,train
entity_0252,entity_0290,0,test
entity_0462,entity_0006,1,train
entity_0006,entity_0462,0,test
entity_0057,entity_0413,1,train
entity_0413,entity_0057,0,test
entity_0255,entity_0191,1,train
entity_0191,entity_0255,0,test
entity_0167,entity_0465,1,train
entity_0465,entity_0167,0,test
entity_0483,entity_0244,0,train
entity_0244,entity_0483,1,test
entity_0400,entity_0475,1,train
entity_0475,entity_0400,0,test
entity_0387,entity_0253,1,train
entity_0253,entity_0387,0,test
entity_0339,entity_0036,0,train
entity_0036,entity_0339,1,test
entity_0044,entity_0201,1,train
entity_0201,entity_0044,0,test
entity_0350,entity_0205,1,train
entity_0205,entity_0350,0,test
entity_0353,entity_0306,0,train
entity_0306,entity_0353,1,test
entity_0439,entity_0307,0,train
entity_0307,entity_0439,1,test
entity_0374,entity_0477,1,train
entity_0477,entity_0374,0,test
entity_0030,entity_0334,1,train
entity_0334,entity_0030,0,test
entity_0298,entity_0438,1,train
entity_0438,entity_0298,0,test
entity_0438,entity_0482,0,train
entity_0482,entity_0438,1,test
entity_0440,entity_0433,0,train
entity_0433,entity_0440,1,test
entity_0239,entity_0119,0,train
entity_0119,entity_0239,1,test
entity_0118,entity_0495,1,train
entity_0495,entity_0118,0,test
entity_0026,entity_0022,0,train
entity_0022,entity_0026,1,test
entity_0066,entity_0332,0,train
entity_0332,entity_0066,1,test
entity_0465,entity_0301,0,train
entity_0301,entity_0465,1,test
entity_0170,entity_0041,1,train
entity_0041,entity_0170,0,test
entity_0413,entity_0150,0,train
entity_0150,entity_0413,1,test
entity_0089,entity_0105,0,train
entity_0105,entity_0089,1,test
entity_0367,entity_0140,1,train
entity_0140,entity_0367,0,test
entity_0437,entity_0191,1,train
entity_0191,entity_0437,0,test
entity_0169,entity_0062,0,train
entity_0062,entity_0169,1,test
entity_0059,entity_0168,0,train
entity_0168,entity_0059,1,test
entity_0004,entity_0457,1,train
entity_0457,entity_0004,0,test
entity_0462,entity_0354,1,train
entity_0354,entity_0462,0,test
entity_0458,entity_0050,1,train
entity_0050,entity_0458,0,test
entity_0435,entity_0496,1,train
entity_0496,entity_0435,0,test
entity_0440,entity_0125,0,train
entity_0125,entity_0440,1,test
entity_0423,entity_0332,0,train
entity_0332,entity_0423,1,test
entity_0485,entity_0209,1,train
entity_0209,entity_0485,0,test
entity_0186,entity_0023,1,train
entity_0023,entity_0186,0,test
entity_0431,entity_0253,1,train
entity_0253,entity_0431,0,test
entity_0043,entity_0339,1,train
entity_0339,entity_0043,0,test
entity_0131,entity_0130,0,train
entity_0130,entity_0131,1,test
entity_0377,entity_0059,1,train
entity_0059,entity_0377,0,test
entity_0496,entity_0382,0,train
entity_0382,entity_0496,1,test
entity_0010,entity_0398,1,train
entity_0398,entity_0010,0,test
entity_0465,entity_0297,0,train
entity_0297,entity_0465,1,test
entity_0070,entity_0267,0,train
entity_0267,entity_0070,1,test
entity_0016,entity_0278,0,train
entity_0278,entity_0016,1,test
entity_0089,entity_0190,0,train
entity_0190,entity_0089,1,test
entity_0413,entity_0143,0,train
entity_0143,entity_0413,1,test
entity_0475,entity_0405,0,train
entity_0405,entity_0475,1,test
entity_0026,entity_0355,0,train
entity_0355,entity_0026,1,test
entity_0328,entity_0209,1,train
entity_0209,entity_0328,0,test
entity_0025,entity_0423,1,train
entity_0423,entity_0025,0,test
entity_0309,entity_0439,1,train
entity_0439,entity_0309,0,test
entity_0231,entity_0162,1,train
entity_0162,entity_0231,0,test
entity_0418,entity_0034,1,train
entity_0034,entity_0418,0,test
entity_0368,entity_0273,1,train
entity_0273,entity_0368,0,test
entity_0101,entity_0169,1,train
entity_0169,entity_0101,0,test
entity_0343,entity_0058,0,train
entity_0058,entity_0343,1,test
entity_0191,entity_0404,0,train
entity_0404,entity_0191,1,test
entity_0302,entity_0441,1,train
entity_0441,entity_0302,0,test
entity_0158,entity_0089,1,train
entity_0089,entity_0158,0,test
entity_0497,entity_0479,1,train
entity_0479,entity_0497,0,test
entity_0209,entity_0213,0,train
entity_0213,entity_0209,1,test
entity_0050,entity_0306,0,train
entity_0306,entity_0050,1,test
entity_0303,entity_0421,1,train
entity_0421,entity_0303,0,test
entity_0156,entity_0226,0,train
entity_0226,entity_0156,1,test
entity_0006,entity_0486,0,train
entity_0486,entity_0006,1,test
entity_0311,entity_0477,1,train
entity_0477,entity_0311,0,test
entity_0128,entity_0110,1,train
entity_0110,entity_0128,0,test
entity_0006,entity_0200,0,train
entity_0200,entity_0006,1,test
entity_0157,entity_0201,1,train
entity_0201,entity_0157,0,test
entity_0169,entity_0311,0,train
entity_0311,entity_0169,1,test
entity_0472,entity_0475,1,train
entity_0475,entity_0472,0,test
entity_0140,entity_0009,0,train
entity_0009,entity_0140,1,test
entity_0139,entity_0133,1,train
entity_0133,entity_0139,0,test
entity_0417,entity_0164,0,train
entity_0164,entity_0417,1,test
entity_0385,entity_0452,0,train
entity_0452,entity_0385,1,test
entity_0063,entity_0068,0,train
entity_0068,entity_0063,1,test
entity_0156,entity_0217,0,train
entity_0217,entity_0156,1,test
entity_0424,entity_0034,1,train
entity_0034,entity_0424,0,test
entity_0277,entity_0219,0,train
entity_0219,entity_0277,1,test
entity_0064,entity_0070,1,train
entity_0070,entity_0064,0,test
entity_0441,entity_0426,0,train
entity_0426,entity_0441,1,test
entity_0191,entity_0188,0,train
entity_0188,entity_0191,1,test
entity_0059,entity_0150,0,train
entity_0150,entity_0059,1,test
entity_0033,entity_0020,1,train
entity_0020,entity_0033,0,test
entity_0199,entity_0428,0,train
entity_0428,entity_0199,1,test
entity_0070,entity_0095,0,train
entity_0095,entity_0070,1,test
entity_0015,entity_0464,1,train
entity_0464,entity_0015,0,test
entity_0132,entity_0026,1,train
entity_0026,entity_0132,0,test
entity_0032,entity_0076,1,train
entity_0076,entity_0032,0,test
entity_0211,entity_0339,1,train
entity_0339,entity_0211,0,test
entity_0001,entity_0500,0,train
entity_0500,entity_0001,1,test
entity_0053,entity_0003,1,train
entity_0003,entity_0053,0,test
entity_0089,entity_0335,0,train
entity_0335,entity_0089,1,test
entity_0126,entity_0402,0,train
entity_0402,entity_0126,1,test
entity_0089,entity_0022,0,train
entity_0022,entity_0089,1,test
entity_0419,entity_0464,1,train
entity_0464,entity_0419,0,test
entity_0404,entity_0162,1,train
entity_0162,entity_0404,0,test
entity_0384,entity_0474,1,train
entity_0474,entity_0384,0,test
entity_0491,entity_0398,1,train
entity_0398,entity_0491,0,test
entity_0316,entity_0403,0,train
entity_0403,entity_0316,1,test
entity_0484,entity_0354,1,train
entity_0354,entity_0484,0,test
entity_0248,entity_0025,0,train
entity_0025,entity_0248,1,test
entity_0201,entity_0289,0,train
entity_0289,entity_0201,1,test
entity_0041,entity_0021,0,train
entity_0021,entity_0041,1,test
entity_0075,entity_0182,0,train
entity_0182,entity_0075,1,test
entity_0162,entity_0329,0,train
entity_0329,entity_0162,1,test
entity_0313,entity_0372,1,train
entity_0372,entity_0313,0,test
entity_0248,entity_0301,0,train
entity_0301,entity_0248,1,test
entity_0098,entity_0177,1,train
entity_0177,entity_0098,0,test
entity_0103,entity_0393,0,train
entity_0393,entity_0103,1,test
entity_0445,entity_0115,1,train
entity_0115,entity_0445,0,test
entity_0103,entity_0276,0,train
entity_0276,entity_0103,1,test
entity_0323,entity_0427,1,train
entity_0427,entity_0323,0,test
entity_0242,entity_0468,1,train
entity_0468,entity_0242,0,test
entity_0407,entity_0401,1,train
entity_0401,entity_0407,0,test
entity_0063,entity_0160,0,train
entity_0160,entity_0063,1,test
entity_0157,entity_0322,1,train
entity_0322,entity_0157,0,test
entity_0444,entity_0152,0,train
entity_0152,entity_0444,1,test
entity_0034,entity_0429,0,train
entity_0429,entity_0034,1,test
entity_0471,entity_0464,1,train
entity_0464,entity_0471,0,test
entity_0329,entity_0252,1,train
entity_0252,entity_0329,0,test
entity_0075,entity_0261,0,train
entity_0261,entity_0075,1,test
entity_0169,entity_0310,0,train
entity_0310,entity_0169,1,test
entity_0265,entity_0273,1,train
entity_0273,entity_0265,0,test
entity_0339,entity_0081,0,train
entity_0081,entity_0339,1,test
entity_0479,entity_0145,0,train
entity_0145,entity_0479,1,test
entity_0360,entity_0026,1,train
entity_0026,entity_0360,0,test
entity_0077,entity_0167,0,train
entity_0167,entity_0077,1,test
entity_0199,entity_0399,0,train
entity_0399,entity_0199,1,test
entity_0092,entity_0444,1,train
entity_0444,entity_0092,0,test
entity_0250,entity_0465,1,train
entity_0465,entity_0250,0,test
entity_0003,entity_0403,0,train
entity_0403,entity_0003,1,test
entity_0262,entity_0177,1,train
entity_0177,entity_0262,0,test
entity_0163,entity_0110,1,train
entity_0110,entity_0163,0,test
entity_0467,entity_0218,0,train
entity_0218,entity_0467,1,test
entity_0468,entity_0348,0,train
entity_0348,entity_0468,1,test
entity_0268,entity_0169,1,train
entity_0169,entity_0268,0,test
entity_0161,entity_0401,1,train
entity_0401,entity_0161,0,test
entity_0100,entity_0325,1,train
entity_0325,entity_0100,0,test
entity_0069,entity_0257,1,train
entity_0257,entity_0069,0,test
entity_0253,entity_0274,0,train
entity_0274,entity_0253,1,test
entity_0114,entity_0041,1,train
entity_0041,entity_0114,0,test
entity_0257,entity_0381,0,train
entity_0381,entity_0257,1,test
entity_0199,entity_0463,0,train
entity_0463,entity_0199,1,test
entity_0407,entity_0441,1,train
entity_0441,entity_0407,0,test
entity_0115,entity_0410,0,train
entity_0410,entity_0115,1,test
entity_0144,entity_0398,1,train
entity_0398,entity_0144,0,test
entity_0326,entity_0203,1,train
entity_0203,entity_0326,0,test
entity_0447,entity_0185,1,train
entity_0185,entity_0447,0,test
entity_0229,entity_0213,0,train
entity_0213,entity_0229,1,test
entity_0112,entity_0220,1,train
entity_0220,entity_0112,0,test
entity_0483,entity_0255,0,train
entity_0255,entity_0483,1,test
entity_0169,entity_0208,0,train
entity_0208,entity_0169,1,test
entity_0232,entity_0331,1,train
entity_0331,entity_0232,0,test
entity_0439,entity_0121,0,train
entity_0121,entity_0439,1,test
entity_0290,entity_0110,1,train
entity_0110,entity_0290,0,test
entity_0224,entity_0177,1,train
entity_0177,entity_0224,0,test
entity_0048,entity_0115,1,train
entity_0115,entity_0048,0,test
entity_0053,entity_0169,1,train
entity_0169,entity_0053,0,test
entity_0422,entity_0201,1,train
entity_0201,entity_0422,0,test
entity_0292,entity_0373,1,train
entity_0373,entity_0292,0,test
entity_0319,entity_0001,1,train
entity_0001,entity_0319,0,test
entity_0240,entity_0070,1,train
entity_0070,entity_0240,0,test
entity_0035,entity_0209,1,train
entity_0209,entity_0035,0,test
entity_0097,entity_0110,1,train
entity_0110,entity_0097,0,test
entity_0056,entity_0423,1,train
entity_0423,entity_0056,0,test
entity_0109,entity_0460,0,train
entity_0460,entity_0109,1,test
entity_0205,entity_0120,0,train
entity_0120,entity_0205,1,test
entity_0449,entity_0286,1,train
entity_0286,entity_0449,0,test
entity_0040,entity_0138,1,train
entity_0138,entity_0040,0,test
entity_0201,entity_0368,0,train
entity_0368,entity_0201,1,test
entity_0479,entity_0117,0,train
entity_0117,entity_0479,1,test
entity_0060,entity_0489,0,train
entity_0489,entity_0060,1,test
entity_0174,entity_0016,1,train
entity_0016,entity_0174,0,test
entity_0440,entity_0449,0,train
entity_0449,entity_0440,1,test
entity_0372,entity_0040,0,train
entity_0040,entity_0372,1,test
entity_0100,entity_0110,1,train
entity_0110,entity_0100,0,test
entity_0413,entity_0304,0,train
entity_0304,entity_0413,1,test
entity_0003,entity_0269,0,train
entity_0269,entity_0003,1,test
entity_0168,entity_0229,1,train
entity_0229,entity_0168,0,test
entity_0273,entity_0012,0,train
entity_0012,entity_0273,1,test
entity_0162,entity_0074,0,train
entity_0074,entity_0162,1,test
entity_0312,entity_0156,1,train
entity_0156,entity_0312,0,test
entity_0461,entity_0060,1,train
entity_0060,entity_0461,0,test
entity_0450,entity_0089,1,train
entity_0089,entity_0450,0,test
entity_0353,entity_0175,0,train
entity_0175,entity_0353,1,test
entity_0063,entity_0481,0,train
entity_0481,entity_0063,1,test
entity_0287,entity_0475,1,train
entity_0475,entity_0287,0,test
entity_0235,entity_0489,0,train
entity_0489,entity_0235,1,test
entity_0252,entity_0456,0,train
entity_0456,entity_0252,1,test
entity_0344,entity_0439,1,train
entity_0439,entity_0344,0,test
entity_0008,entity_0001,1,train
entity_0001,entity_0008,0,test
entity_0032,entity_0468,1,train
entity_0468,entity_0032,0,test
entity_0070,entity_0234,0,train
entity_0234,entity_0070,1,test
entity_0240,entity_0227,1,train
entity_0227,entity_0240,0,test
entity_0465,entity_0458,0,train
entity_0458,entity_0465,1,test
entity_0475,entity_0189,0,train
entity_0189,entity_0475,1,test
entity_0248,entity_0480,0,train
entity_0480,entity_0248,1,test
entity_0483,entity_0111,0,train
entity_0111,entity_0483,1,test
entity_0421,entity_0330,0,train
entity_0330,entity_0421,1,test
entity_0011,entity_0037,1,train
entity_0037,entity_0011,0,test
entity_0220,entity_0096,0,train
entity_0096,entity_0220,1,test
entity_0471,entity_0398,1,train
entity_0398,entity_0471,0,test
entity_0448,entity_0138,1,train
entity_0138,entity_0448,0,test
entity_0126,entity_0271,0,train
entity_0271,entity_0126,1,test
entity_0353,entity_0180,0,train
entity_0180,entity_0353,1,test
entity_0220,entity_0035,0,train
entity_0035,entity_0220,1,test
entity_0050,entity_0395,0,train
entity_0395,entity_0050,1,test
entity_0289,entity_0373,1,train
entity_0373,entity_0289,0,test
entity_0464,entity_0491,0,train
entity_0491,entity_0464,1,test
entity_0474,entity_0238,0,train
entity_0238,entity_0474,1,test
entity_0007,entity_0026,1,train
entity_0026,entity_0007,0,test
entity_0183,entity_0003,1,train
entity_0003,entity_0183,0,test
entity_0169,entity_0028,0,train
entity_0028,entity_0169,1,test
entity_0152,entity_0440,1,train
entity_0440,entity_0152,0,test
entity_0037,entity_0179,0,train
entity_0179,entity_0037,1,test
entity_0218,entity_0003,1,train
entity_0003,entity_0218,0,test
entity_0432,entity_0220,1,train
entity_0220,entity_0432,0,test
entity_0077,entity_0106,0,train
entity_0106,entity_0077,1,test
entity_0299,entity_0227,1,train
entity_0227,entity_0299,0,test
entity_0421,entity_0370,0,train
entity_0370,entity_0421,1,test
entity_0199,entity_0192,0,train
entity_0192,entity_0199,1,test
entity_0447,entity_0354,1,train
entity_0354,entity_0447,0,test
entity_0206,entity_0440,1,train
entity_0440,entity_0206,0,test
entity_0477,entity_0079,0,train
entity_0079,entity_0477,1,test
entity_0438,entity_0266,0,train
entity_0266,entity_0438,1,test
entity_0235,entity_0340,0,train
entity_0340,entity_0235,1,test
entity_0225,entity_0444,1,train
entity_0444,entity_0225,0,test
entity_0321,entity_0089,1,train
entity_0089,entity_0321,0,test
entity_0037,entity_0269,0,train
entity_0269,entity_0037,1,test
entity_0030,entity_0177,1,train
entity_0177,entity_0030,0,test
entity_0442,entity_0220,1,train
entity_0220,entity_0442,0,test
entity_0169,entity_0472,0,train
entity_0472,entity_0169,1,test
entity_0373,entity_0498,0,train
entity_0498,entity_0373,1,test
entity_0149,entity_0427,1,train
entity_0427,entity_0149,0,test
entity_0430,entity_0389,0,train
entity_0389,entity_0430,1,test
entity_0214,entity_0159,0,train
entity_0159,entity_0214,1,test
entity_0401,entity_0047,0,train
entity_0047,entity_0401,1,test
entity_0089,entity_0228,0,train
entity_0228,entity_0089,1,test
entity_0260,entity_0191,1,train
entity_0191,entity_0260,0,test
entity_0037,entity_0013,0,train
entity_0013,entity_0037,1,test
entity_0016,entity_0099,0,train
entity_0099,entity_0016,1,test
entity_0196,entity_0225,0,train
entity_0225,entity_0196,1,test
entity_0468,entity_0181,0,train
entity_0181,entity_0468,1,test
entity_0004,entity_0041,1,train
entity_0041,entity_0004,0,test
entity_0248,entity_0264,0,train
entity_0264,entity_0248,1,test
entity_0116,entity_0413,1,train
entity_0413,entity_0116,0,test
entity_0085,entity_0203,1,train
entity_0203,entity_0085,0,test
entity_0467,entity_0295,0,train
entity_0295,entity_0467,1,test
entity_0111,entity_0001,1,train
entity_0001,entity_0111,0,test
entity_0426,entity_0248,1,train
entity_0248,entity_0426,0,test
entity_0214,entity_0341,0,train
entity_0341,entity_0214,1,test
entity_0016,entity_0018,0,train
entity_0018,entity_0016,1,test
entity_0409,entity_0401,1,train
entity_0401,entity_0409,0,test
entity_0496,entity_0333,0,train
entity_0333,entity_0496,1,test
entity_0453,entity_0237,0,train
entity_0237,entity_0453,1,test
entity_0273,entity_0234,0,train
entity_0234,entity_0273,1,test
entity_0021,entity_0003,1,train
entity_0003,entity_0021,0,test
entity_0352,entity_0039,0,train
entity_0039,entity_0352,1,test
entity_0060,entity_0314,0,train
entity_0314,entity_0060,1,test
entity_0254,entity_0020,1,train
entity_0020,entity_0254,0,test
entity_0038,entity_0273,1,train
entity_0273,entity_0038,0,test
entity_0421,entity_0367,0,train
entity_0367,entity_0421,1,test
entity_0006,entity_0155,0,train
entity_0155,entity_0006,1,test
entity_0077,entity_0268,0,train
entity_0268,entity_0077,1,test
entity_0373,entity_0267,0,train
entity_0267,entity_0373,1,test
entity_0116,entity_0026,1,train
entity_0026,entity_0116,0,test
entity_0390,entity_0020,1,train
entity_0020,entity_0390,0,test
entity_0285,entity_0001,1,train
entity_0001,entity_0285,0,test
entity_0169,entity_0080,0,train
entity_0080,entity_0169,1,test
entity_0479,entity_0212,0,train
entity_0212,entity_0479,1,test
entity_0469,entity_0076,1,train
entity_0076,entity_0469,0,test
entity_0001,entity_0051,0,train
entity_0051,entity_0001,1,test
entity_0273,entity_0102,0,train
entity_0102,entity_0273,1,test
entity_0413,entity_0459,0,train
entity_0459,entity_0413,1,test
entity_0214,entity_0284,0,train
entity_0284,entity_0214,1,test
entity_0079,entity_0439,1,train
entity_0439,entity_0079,0,test
entity_0241,entity_0316,1,train
entity_0316,entity_0241,0,test
entity_0482,entity_0177,1,train
entity_0177,entity_0482,0,test
entity_0357,entity_0016,1,train
entity_0016,entity_0357,0,test
entity_0421,entity_0024,0,train
entity_0024,entity_0421,1,test
entity_0339,entity_0418,0,train
entity_0418,entity_0339,1,test
entity_0203,entity_0380,0,train
entity_0380,entity_0203,1,test
entity_0112,entity_0488,1,train
entity_0488,entity_0112,0,test
entity_0194,entity_0413,1,train
entity_0413,entity_0194,0,test
