pair_id,pair_role,unordered_entity_a,unordered_entity_b,positive_entity_1,positive_entity_2,negative_entity_1,negative_entity_2,train_entity_1,train_entity_2,train_label,reverse_entity_1,reverse_entity_2,reverse_label,reverse_split
pair_000001,query,entity_0021,entity_0023,entity_0021,entity_0023,entity_0023,entity_0021,entity_0023,entity_0021,0,entity_0021,entity_0023,1,test
pair_000002,demo,entity_0047,entity_0043,entity_0047,entity_0043,entity_0043,entity_0047,entity_0047,entity_0043,1,entity_0043,entity_0047,0,train
pair_000003,demo,entity_0011,entity_0051,entity_0011,entity_0051,entity_0051,entity_0011,entity_0051,entity_0011,0,entity_0011,entity_0051,1,train
pair_000004,query,entity_0016,entity_0001,entity_0016,entity_0001,entity_0001,entity_0016,entity_0001,entity_0016,0,entity_0016,entity_0001,1,test
pair_000005,demo,entity_0008,entity_0014,entity_0008,entity_0014,entity_0014,entity_0008,entity_0008,entity_0014,1,entity_0014,entity_0008,0,train
pair_000006,query,entity_0037,entity_0025,entity_0037,entity_0025,entity_0025,entity_0037,entity_0037,entity_0025,1,entity_0025,entity_0037,0,test
pair_000007,query,entity_0051,entity_0026,entity_0051,entity_0026,entity_0026,entity_0051,entity_0051,entity_0026,1,entity_0026,entity_0051,0,test
pair_000008,demo,entity_0060,entity_0045,entity_0060,entity_0045,entity_0045,entity_0060,entity_0045,entity_0060,0,entity_0060,entity_0045,1,train
pair_000009,demo,entity_0017,entity_0057,entity_0017,entity_0057,entity_0057,entity_0017,entity_0017,entity_0057,1,entity_0057,entity_0017,0,train
pair_000010,query,entity_0011,entity_0026,entity_0011,entity_0026,entity_0026,entity_0011,entity_0011,entity_0026,1,entity_0026,entity_0011,0,test
pair_000011,demo,entity_0008,entity_0030,entity_0008,entity_0030,entity_0030,entity_0008,entity_0008,entity_0030,1,entity_0030,entity_0008,0,train
pair_000012,query,entity_0055,entity_0026,entity_0055,entity_0026,entity_0026,entity_0055,entity_0055,entity_0026,1,entity_0026,entity_0055,0,validation
pair_000013,query,entity_0021,entity_0057,entity_0021,entity_0057,entity_0057,entity_0021,entity_0057,entity_0021,0,entity_0021,entity_0057,1,test
pair_000014,query,entity_0009,entity_0032,entity_0009,entity_0032,entity_0032,entity_0009,entity_0032,entity_0009,0,entity_0009,entity_0032,1,test
pair_000015,query,entity_0025,entity_0026,entity_0025,entity_0026,entity_0026,entity_0025,entity_0026,entity_0025,0,entity_0025,entity_0026,1,test
pair_000016,query,entity_0057,entity_0032,entity_0057,entity_0032,entity_0032,entity_0057,entity_0032,entity_0057,0,entity_0057,entity_0032,1,test
pair_000017,demo,entity_0013,entity_0025,entity_0013,entity_0025,entity_0025,entity_0013,entity_0025,entity_0013,0,entity_0013,entity_0025,1,train
pair_000018,demo,entity_0029,entity_0025,entity_0029,entity_0025,entity_0025,entity_0029,entity_0025,entity_0029,0,entity_0029,entity_0025,1,train
pair_000019,demo,entity_0059,entity_0001,entity_0059,entity_0001,entity_0001,entity_0059,entity_0059,entity_0001,1,entity_0001,entity_0059,0,train
pair_000020,query,entity_0040,entity_0045,entity_0040,entity_0045,entity_0045,entity_0040,entity_0040,entity_0045,1,entity_0045,entity_0040,0,test
pair_000021,query,entity_0015,entity_0039,entity_0015,entity_0039,entity_0039,entity_0015,entity_0039,entity_0015,0,entity_0015,entity_0039,1,validation
pair_000022,demo,entity_0046,entity_0002,entity_0046,entity_0002,entity_0002,entity_0046,entity_0002,entity_0046,0,entity_0046,entity_0002,1,train
pair_000023,query,entity_0005,entity_0002,entity_0005,entity_0002,entity_0002,entity_0005,entity_0002,entity_0005,0,entity_0005,entity_0002,1,test
pair_000024,query,entity_0040,entity_0058,entity_0040,entity_0058,entity_0058,entity_0040,entity_0058,entity_0040,0,entity_0040,entity_0058,1,test
pair_000025,demo,entity_0048,entity_0028,entity_0048,entity_0028,entity_0028,entity_0048,entity_0028,entity_0048,0,entity_0048,entity_0028,1,train
pair_000026,demo,entity_0041,entity_0007,entity_0041,entity_0007,entity_0007,entity_0041,entity_0041,entity_0007,1,entity_0007,entity_0041,0,train
pair_000027,demo,entity_0015,entity_0011,entity_0015,entity_0011,entity_0011,entity_0015,entity_0015,entity_0011,1,entity_0011,entity_0015,0,train
pair_000028,query,entity_0040,entity_0037,entity_0040,entity_0037,entity_0037,entity_0040,entity_0037,entity_0040,0,entity_0040,entity_0037,1,test
pair_000029,demo,entity_0050,entity_0035,entity_0050,entity_0035,entity_0035,entity_0050,entity_0050,entity_0035,1,entity_0035,entity_0050,0,train
pair_000030,query,entity_0056,entity_0052,entity_0056,entity_0052,entity_0052,entity_0056,entity_0056,entity_0052,1,entity_0052,entity_0056,0,validation
pair_000031,query,entity_0006,entity_0057,entity_0006,entity_0057,entity_0057,entity_0006,entity_0006,entity_0057,1,entity_0057,entity_0006,0,test
pair_000032,demo,entity_0012,entity_0014,entity_0012,entity_0014,entity_0014,entity_0012,entity_0014,entity_0012,0,entity_0012,entity_0014,1,train
pair_000033,demo,entity_0037,entity_0058,entity_0037,entity_0058,entity_0058,entity_0037,entity_0037,entity_0058,1,entity_0058,entity_0037,0,train
pair_000034,demo,entity_0050,entity_0042,entity_0050,entity_0042,entity_0042,entity_0050,entity_0050,entity_0042,1,entity_0042,entity_0050,0,train
pair_000035,demo,entity_0008,entity_0047,entity_0008,entity_0047,entity_0047,entity_0008,entity_0008,entity_0047,1,entity_0047,entity_0008,0,train
pair_000036,demo,entity_0058,entity_0025,entity_0058,entity_0025,entity_0025,entity_0058,entity_0025,entity_0058,0,entity_0058,entity_0025,1,train
pair_000037,demo,entity_0036,entity_0017,entity_0036,entity_0017,entity_0017,entity_0036,entity_0017,entity_0036,0,entity_0036,entity_0017,1,train
pair_000038,demo,entity_0029,entity_0001,entity_0029,entity_0001,entity_0001,entity_0029,entity_0001,entity_0029,0,entity_0029,entity_0001,1,train
pair_000039,demo,entity_0054,entity_0036,entity_0054,entity_0036,entity_0036,entity_0054,entity_0054,entity_0036,1,entity_0036,entity_0054,0,train
pair_000040,demo,entity_0049,entity_0025,entity_0049,entity_0025,entity_0025,entity_0049,entity_0049,entity_0025,1,entity_0025,entity_0049,0,train
pair_000041,query,entity_0048,entity_0058,entity_0048,entity_0058,entity_0058,entity_0048,entity_0048,entity_0058,1,entity_0058,entity_0048,0,validation
pair_000042,demo,entity_0058,entity_0027,entity_0058,entity_0027,entity_0027,entity_0058,entity_0027,entity_0058,0,entity_0058,entity_0027,1,train
pair_000043,demo,entity_0060,entity_0012,entity_0060,entity_0012,entity_0012,entity_0060,entity_0060,entity_0012,1,entity_0012,entity_0060,0,train
pair_000044,query,entity_0059,entity_0007,entity_0059,entity_0007,entity_0007,entity_0059,entity_0007,entity_0059,0,entity_0059,entity_0007,1,test
pair_000045,demo,entity_0041,entity_0011,entity_0041,entity_0011,entity_0011,entity_0041,entity_0041,entity_0011,1,entity_0011,entity_0041,0,train
pair_000046,query,entity_0052,entity_0009,entity_0052,entity_0009,entity_0009,entity_0052,entity_0052,entity_0009,1,entity_0009,entity_0052,0,validation
pair_000047,query,entity_0023,entity_0031,entity_0023,entity_0031,entity_0031,entity_0023,entity_0023,entity_0031,1,entity_0031,entity_0023,0,test
pair_000048,query,entity_0024,entity_0005,entity_0024,entity_0005,entity_0005,entity_0024,entity_0005,entity_0024,0,entity_0024,entity_0005,1,test
pair_000049,query,entity_0010,entity_0027,entity_0010,entity_0027,entity_0027,entity_0010,entity_0010,entity_0027,1,entity_0027,entity_0010,0,validation
pair_000050,query,entity_0048,entity_0031,entity_0048,entity_0031,entity_0031,entity_0048,entity_0048,entity_0031,1,entity_0031,entity_0048,0,validation
pair_000051,query,entity_0052,entity_0042,entity_0052,entity_0042,entity_0042,entity_0052,entity_0042,entity_0052,0,entity_0052,entity_0042,1,test
pair_000052,demo,entity_0048,entity_0018,entity_0048,entity_0018,entity_0018,entity_0048,entity_0048,entity_0018,1,entity_0018,entity_0048,0,train
pair_000053,query,entity_0012,entity_0005,entity_0012,entity_0005,entity_0005,entity_0012,entity_0005,entity_0012,0,entity_0012,entity_0005,1,test
pair_000054,demo,entity_0048,entity_0037,entity_0048,entity_0037,entity_0037,entity_0048,entity_0048,entity_0037,1,entity_0037,entity_0048,0,train
pair_000055,query,entity_0011,entity_0009,entity_0011,entity_0009,entity_0009,entity_0011,entity_0009,entity_0011,0,entity_0011,entity_0009,1,test
pair_000056,query,entity_0041,entity_0035,entity_0041,entity_0035,entity_0035,entity_0041,entity_0041,entity_0035,1,entity_0035,entity_0041,0,test
pair_000057,query,entity_0001,entity_0007,entity_0001,entity_0007,entity_0007,entity_0001,entity_0001,entity_0007,1,entity_0007,entity_0001,0,test
pair_000058,demo,entity_0021,entity_0027,entity_0021,entity_0027,entity_0027,entity_0021,entity_0021,entity_0027,1,entity_0027,entity_0021,0,train
pair_000059,query,entity_0022,entity_0017,entity_0022,entity_0017,entity_0017,entity_0022,entity_0017,entity_0022,0,entity_0022,entity_0017,1,test
pair_000060,query,entity_0053,entity_0027,entity_0053,entity_0027,entity_0027,entity_0053,entity_0027,entity_0053,0,entity_0053,entity_0027,1,test
pair_000061,query,entity_0040,entity_0034,entity_0040,entity_0034,entity_0034,entity_0040,entity_0034,entity_0040,0,entity_0040,entity_0034,1,test
pair_000062,demo,entity_0008,entity_0027,entity_0008,entity_0027,entity_0027,entity_0008,entity_0008,entity_0027,1,entity_0027,entity_0008,0,train
pair_000063,query,entity_0049,entity_0036,entity_0049,entity_0036,entity_0036,entity_0049,entity_0036,entity_0049,0,entity_0049,entity_0036,1,validation
pair_000064,demo,entity_0059,entity_0050,entity_0059,entity_0050,entity_0050,entity_0059,entity_0050,entity_0059,0,entity_0059,entity_0050,1,train
pair_000065,demo,entity_0046,entity_0001,entity_0046,entity_0001,entity_0001,entity_0046,entity_0001,entity_0046,0,entity_0046,entity_0001,1,train
pair_000066,query,entity_0013,entity_0047,entity_0013,entity_0047,entity_0047,entity_0013,entity_0047,entity_0013,0,entity_0013,entity_0047,1,test
pair_000067,demo,entity_0013,entity_0026,entity_0013,entity_0026,entity_0026,entity_0013,entity_0026,entity_0013,0,entity_0013,entity_0026,1,train
pair_000068,query,entity_0044,entity_0007,entity_0044,entity_0007,entity_0007,entity_0044,entity_0007,entity_0044,0,entity_0044,entity_0007,1,test
pair_000069,query,entity_0056,entity_0026,entity_0056,entity_0026,entity_0026,entity_0056,entity_0026,entity_0056,0,entity_0056,entity_0026,1,test
pair_000070,query,entity_0060,entity_0024,entity_0060,entity_0024,entity_0024,entity_0060,entity_0060,entity_0024,1,entity_0024,entity_0060,0,test
pair_000071,query,entity_0054,entity_0037,entity_0054,entity_0037,entity_0037,entity_0054,entity_0054,entity_0037,1,entity_0037,entity_0054,0,test
pair_000072,demo,entity_0041,entity_0017,entity_0041,entity_0017,entity_0017,entity_0041,entity_0017,entity_0041,0,entity_0041,entity_0017,1,train
pair_000073,demo,entity_0051,entity_0010,entity_0051,entity_0010,entity_0010,entity_0051,entity_0010,entity_0051,0,entity_0051,entity_0010,1,train
pair_000074,query,entity_0016,entity_0039,entity_0016,entity_0039,entity_0039,entity_0016,entity_0016,entity_0039,1,entity_0039,entity_0016,0,test
pair_000075,query,entity_0056,entity_0008,entity_0056,entity_0008,entity_0008,entity_0056,entity_0008,entity_0056,0,entity_0056,entity_0008,1,test
pair_000076,demo,entity_0006,entity_0026,entity_0006,entity_0026,entity_0026,entity_0006,entity_0006,entity_0026,1,entity_0026,entity_0006,0,train
pair_000077,query,entity_0019,entity_0010,entity_0019,entity_0010,entity_0010,entity_0019,entity_0019,entity_0010,1,entity_0010,entity_0019,0,validation
pair_000078,query,entity_0048,entity_0024,entity_0048,entity_0024,entity_0024,entity_0048,entity_0024,entity_0048,0,entity_0048,entity_0024,1,test
pair_000079,demo,entity_0011,entity_0023,entity_0011,entity_0023,entity_0023,entity_0011,entity_0023,entity_0011,0,entity_0011,entity_0023,1,train
pair_000080,demo,entity_0016,entity_0047,entity_0016,entity_0047,entity_0047,entity_0016,entity_0016,entity_0047,1,entity_0047,entity_0016,0,train
pair_000081,query,entity_0035,entity_0040,entity_0035,entity_0040,entity_0040,entity_0035,entity_0040,entity_0035,0,entity_0035,entity_0040,1,test
pair_000082,query,entity_0012,entity_0039,entity_0012,entity_0039,entity_0039,entity_0012,entity_0039,entity_0012,0,entity_0012,entity_0039,1,test
pair_000083,query,entity_0010,entity_0032,entity_0010,entity_0032,entity_0032,entity_0010,entity_0010,entity_0032,1,entity_0032,entity_0010,0,test
pair_000084,demo,entity_0023,entity_0017,entity_0023,entity_0017,entity_0017,entity_0023,entity_0017,entity_0023,0,entity_0023,entity_0017,1,train
pair_000085,demo,entity_0022,entity_0032,entity_0022,entity_0032,entity_0032,entity_0022,entity_0022,entity_0032,1,entity_0032,entity_0022,0,train
pair_000086,demo,entity_0041,entity_0038,entity_0041,entity_0038,entity_0038,entity_0041,entity_0038,entity_0041,0,entity_0041,entity_0038,1,train
pair_000087,demo,entity_0023,entity_0013,entity_0023,entity_0013,entity_0013,entity_0023,entity_0023,entity_0013,1,entity_0013,entity_0023,0,train
pair_000088,query,entity_0045,entity_0030,entity_0045,entity_0030,entity_0030,entity_0045,entity_0030,entity_0045,0,entity_0045,entity_0030,1,test
pair_000089,query,entity_0050,entity_0055,entity_0050,entity_0055,entity_0055,entity_0050,entity_0055,entity_0050,0,entity_0050,entity_0055,1,test
pair_000090,demo,entity_0018,entity_0031,entity_0018,entity_0031,entity_0031,entity_0018,entity_0031,entity_0018,0,entity_0018,entity_0031,1,train
pair_000091,demo,entity_0038,entity_0026,entity_0038,entity_0026,entity_0026,entity_0038,entity_0038,entity_0026,1,entity_0026,entity_0038,0,train
pair_000092,demo,entity_0050,entity_0043,entity_0050,entity_0043,entity_0043,entity_0050,entity_0050,entity_0043,1,entity_0043,entity_0050,0,train
pair_000093,query,entity_0009,entity_0010,entity_0009,entity_0010,entity_0010,entity_0009,entity_0009,entity_0010,1,entity_0010,entity_0009,0,test
pair_000094,demo,entity_0056,entity_0042,entity_0056,entity_0042,entity_0042,entity_0056,entity_0042,entity_0056,0,entity_0056,entity_0042,1,train
pair_000095,demo,entity_0048,entity_0034,entity_0048,entity_0034,entity_0034,entity_0048,entity_0048,entity_0034,1,entity_0034,entity_0048,0,train
pair_000096,demo,entity_0045,entity_0051,entity_0045,entity_0051,entity_0051,entity_0045,entity_0045,entity_0051,1,entity_0051,entity_0045,0,train
pair_000097,query,entity_0001,entity_0032,entity_0001,entity_0032,entity_0032,entity_0001,entity_0032,entity_0001,0,entity_0001,entity_0032,1,test
pair_000098,demo,entity_0038,entity_0046,entity_0038,entity_0046,entity_0046,entity_0038,entity_0046,entity_0038,0,entity_0038,entity_0046,1,train
pair_000099,query,entity_0023,entity_0036,entity_0023,entity_0036,entity_0036,entity_0023,entity_0036,entity_0023,0,entity_0023,entity_0036,1,validation
pair_000100,query,entity_0047,entity_0014,entity_0047,entity_0014,entity_0014,entity_0047,entity_0014,entity_0047,0,entity_0047,entity_0014,1,validation
pair_000101,demo,entity_0007,entity_0028,entity_0007,entity_0028,entity_0028,entity_0007,entity_0007,entity_0028,1,entity_0028,entity_0007,0,train
pair_000102,demo,entity_0044,entity_0034,entity_0044,entity_0034,entity_0034,entity_0044,entity_0034,entity_0044,0,entity_0044,entity_0034,1,train
pair_000103,query,entity_0040,entity_0054,entity_0040,entity_0054,entity_0054,entity_0040,entity_0040,entity_0054,1,entity_0054,entity_0040,0,test
pair_000104,query,entity_0011,entity_0031,entity_0011,entity_0031,entity_0031,entity_0011,entity_0011,entity_0031,1,entity_0031,entity_0011,0,test
pair_000105,query,entity_0035,entity_0032,entity_0035,entity_0032,entity_0032,entity_0035,entity_0032,entity_0035,0,entity_0035,entity_0032,1,test
pair_000106,demo,entity_0016,entity_0037,entity_0016,entity_0037,entity_0037,entity_0016,entity_0037,entity_0016,0,entity_0016,entity_0037,1,train
pair_000107,query,entity_0048,entity_0051,entity_0048,entity_0051,entity_0051,entity_0048,entity_0048,entity_0051,1,entity_0051,entity_0048,0,test
pair_000108,demo,entity_0037,entity_0031,entity_0037,entity_0031,entity_0031,entity_0037,entity_0037,entity_0031,1,entity_0031,entity_0037,0,train
pair_000109,demo,entity_0012,entity_0029,entity_0012,entity_0029,entity_0029,entity_0012,entity_0012,entity_0029,1,entity_0029,entity_0012,0,train
pair_000110,demo,entity_0023,entity_0025,entity_0023,entity_0025,entity_0025,entity_0023,entity_0023,entity_0025,1,entity_0025,entity_0023,0,train
pair_000111,query,entity_0045,entity_0039,entity_0045,entity_0039,entity_0039,entity_0045,entity_0045,entity_0039,1,entity_0039,entity_0045,0,test
pair_000112,query,entity_0060,entity_0044,entity_0060,entity_0044,entity_0044,entity_0060,entity_0044,entity_0060,0,entity_0060,entity_0044,1,test
pair_000113,demo,entity_0057,entity_0053,entity_0057,entity_0053,entity_0053,entity_0057,entity_0053,entity_0057,0,entity_0057,entity_0053,1,train
pair_000114,demo,entity_0040,entity_0055,entity_0040,entity_0055,entity_0055,entity_0040,entity_0040,entity_0055,1,entity_0055,entity_0040,0,train
pair_000115,demo,entity_0006,entity_0032,entity_0006,entity_0032,entity_0032,entity_0006,entity_0006,entity_0032,1,entity_0032,entity_0006,0,train
pair_000116,query,entity_0003,entity_0001,entity_0003,entity_0001,entity_0001,entity_0003,entity_0001,entity_0003,0,entity_0003,entity_0001,1,test
pair_000117,demo,entity_0017,entity_0002,entity_0017,entity_0002,entity_0002,entity_0017,entity_0002,entity_0017,0,entity_0017,entity_0002,1,train
pair_000118,demo,entity_0041,entity_0001,entity_0041,entity_0001,entity_0001,entity_0041,entity_0001,entity_0041,0,entity_0041,entity_0001,1,train
pair_000119,query,entity_0021,entity_0043,entity_0021,entity_0043,entity_0043,entity_0021,entity_0021,entity_0043,1,entity_0043,entity_0021,0,test
pair_000120,query,entity_0018,entity_0057,entity_0018,entity_0057,entity_0057,entity_0018,entity_0057,entity_0018,0,entity_0018,entity_0057,1,test
pair_000121,demo,entity_0037,entity_0001,entity_0037,entity_0001,entity_0001,entity_0037,entity_0037,entity_0001,1,entity_0001,entity_0037,0,train
pair_000122,demo,entity_0046,entity_0009,entity_0046,entity_0009,entity_0009,entity_0046,entity_0009,entity_0046,0,entity_0046,entity_0009,1,train
pair_000123,query,entity_0016,entity_0044,entity_0016,entity_0044,entity_0044,entity_0016,entity_0044,entity_0016,0,entity_0016,entity_0044,1,test
pair_000124,demo,entity_0060,entity_0028,entity_0060,entity_0028,entity_0028,entity_0060,entity_0028,entity_0060,0,entity_0060,entity_0028,1,train
pair_000125,query,entity_0020,entity_0026,entity_0020,entity_0026,entity_0026,entity_0020,entity_0020,entity_0026,1,entity_0026,entity_0020,0,test
pair_000126,demo,entity_0042,entity_0001,entity_0042,entity_0001,entity_0001,entity_0042,entity_0001,entity_0042,0,entity_0042,entity_0001,1,train
pair_000127,query,entity_0054,entity_0028,entity_0054,entity_0028,entity_0028,entity_0054,entity_0028,entity_0054,0,entity_0054,entity_0028,1,test
pair_000128,query,entity_0039,entity_0027,entity_0039,entity_0027,entity_0027,entity_0039,entity_0027,entity_0039,0,entity_0039,entity_0027,1,test
pair_000129,demo,entity_0034,entity_0051,entity_0034,entity_0051,entity_0051,entity_0034,entity_0051,entity_0034,0,entity_0034,entity_0051,1,train
pair_000130,query,entity_0035,entity_0033,entity_0035,entity_0033,entity_0033,entity_0035,entity_0035,entity_0033,1,entity_0033,entity_0035,0,test
pair_000131,demo,entity_0012,entity_0046,entity_0012,entity_0046,entity_0046,entity_0012,entity_0046,entity_0012,0,entity_0012,entity_0046,1,train
pair_000132,query,entity_0055,entity_0045,entity_0055,entity_0045,entity_0045,entity_0055,entity_0045,entity_0055,0,entity_0055,entity_0045,1,validation
pair_000133,demo,entity_0010,entity_0053,entity_0010,entity_0053,entity_0053,entity_0010,entity_0053,entity_0010,0,entity_0010,entity_0053,1,train
pair_000134,demo,entity_0041,entity_0056,entity_0041,entity_0056,entity_0056,entity_0041,entity_0056,entity_0041,0,entity_0041,entity_0056,1,train
pair_000135,query,entity_0033,entity_0025,entity_0033,entity_0025,entity_0025,entity_0033,entity_0025,entity_0033,0,entity_0033,entity_0025,1,test
pair_000136,query,entity_0052,entity_0028,entity_0052,entity_0028,entity_0028,entity_0052,entity_0052,entity_0028,1,entity_0028,entity_0052,0,validation
pair_000137,query,entity_0006,entity_0007,entity_0006,entity_0007,entity_0007,entity_0006,entity_0006,entity_0007,1,entity_0007,entity_0006,0,test
pair_000138,query,entity_0021,entity_0019,entity_0021,entity_0019,entity_0019,entity_0021,entity_0021,entity_0019,1,entity_0019,entity_0021,0,test
pair_000139,demo,entity_0033,entity_0011,entity_0033,entity_0011,entity_0011,entity_0033,entity_0011,entity_0033,0,entity_0033,entity_0011,1,train
pair_000140,demo,entity_0054,entity_0047,entity_0054,entity_0047,entity_0047,entity_0054,entity_0054,entity_0047,1,entity_0047,entity_0054,0,train
pair_000141,query,entity_0036,entity_0047,entity_0036,entity_0047,entity_0047,entity_0036,entity_0036,entity_0047,1,entity_0047,entity_0036,0,test
pair_000142,query,entity_0033,entity_0018,entity_0033,entity_0018,entity_0018,entity_0033,entity_0018,entity_0033,0,entity_0033,entity_0018,1,test
pair_000143,demo,entity_0058,entity_0053,entity_0058,entity_0053,entity_0053,entity_0058,entity_0053,entity_0058,0,entity_0058,entity_0053,1,train
pair_000144,query,entity_0013,entity_0007,entity_0013,entity_0007,entity_0007,entity_0013,entity_0007,entity_0013,0,entity_0013,entity_0007,1,test
pair_000145,demo,entity_0003,entity_0007,entity_0003,entity_0007,entity_0007,entity_0003,entity_0003,entity_0007,1,entity_0007,entity_0003,0,train
pair_000146,query,entity_0008,entity_0025,entity_0008,entity_0025,entity_0025,entity_0008,entity_0008,entity_0025,1,entity_0025,entity_0008,0,test
pair_000147,query,entity_0044,entity_0026,entity_0044,entity_0026,entity_0026,entity_0044,entity_0044,entity_0026,1,entity_0026,entity_0044,0,test
pair_000148,query,entity_0044,entity_0054,entity_0044,entity_0054,entity_0054,entity_0044,entity_0044,entity_0054,1,entity_0054,entity_0044,0,test
pair_000149,demo,entity_0045,entity_0017,entity_0045,entity_0017,entity_0017,entity_0045,entity_0045,entity_0017,1,entity_0017,entity_0045,0,train
pair_000150,query,entity_0024,entity_0007,entity_0024,entity_0007,entity_0007,entity_0024,entity_0007,entity_0024,0,entity_0024,entity_0007,1,test
pair_000151,query,entity_0017,entity_0028,entity_0017,entity_0028,entity_0028,entity_0017,entity_0017,entity_0028,1,entity_0028,entity_0017,0,test
pair_000152,query,entity_0006,entity_0003,entity_0006,entity_0003,entity_0003,entity_0006,entity_0003,entity_0006,0,entity_0006,entity_0003,1,test
pair_000153,demo,entity_0023,entity_0051,entity_0023,entity_0051,entity_0051,entity_0023,entity_0023,entity_0051,1,entity_0051,entity_0023,0,train
pair_000154,query,entity_0020,entity_0025,entity_0020,entity_0025,entity_0025,entity_0020,entity_0025,entity_0020,0,entity_0020,entity_0025,1,test
pair_000155,demo,entity_0055,entity_0031,entity_0055,entity_0031,entity_0031,entity_0055,entity_0031,entity_0055,0,entity_0055,entity_0031,1,train
pair_000156,query,entity_0001,entity_0020,entity_0001,entity_0020,entity_0020,entity_0001,entity_0001,entity_0020,1,entity_0020,entity_0001,0,test
pair_000157,demo,entity_0011,entity_0010,entity_0011,entity_0010,entity_0010,entity_0011,entity_0010,entity_0011,0,entity_0011,entity_0010,1,train
pair_000158,demo,entity_0039,entity_0001,entity_0039,entity_0001,entity_0001,entity_0039,entity_0001,entity_0039,0,entity_0039,entity_0001,1,train
pair_000159,query,entity_0023,entity_0053,entity_0023,entity_0053,entity_0053,entity_0023,entity_0023,entity_0053,1,entity_0053,entity_0023,0,validation
pair_000160,demo,entity_0045,entity_0029,entity_0045,entity_0029,entity_0029,entity_0045,entity_0045,entity_0029,1,entity_0029,entity_0045,0,train
pair_000161,demo,entity_0036,entity_0053,entity_0036,entity_0053,entity_0053,entity_0036,entity_0053,entity_0036,0,entity_0036,entity_0053,1,train
pair_000162,query,entity_0019,entity_0034,entity_0019,entity_0034,entity_0034,entity_0019,entity_0034,entity_0019,0,entity_0019,entity_0034,1,test
pair_000163,demo,entity_0034,entity_0002,entity_0034,entity_0002,entity_0002,entity_0034,entity_0002,entity_0034,0,entity_0034,entity_0002,1,train
pair_000164,query,entity_0004,entity_0007,entity_0004,entity_0007,entity_0007,entity_0004,entity_0007,entity_0004,0,entity_0004,entity_0007,1,test
pair_000165,demo,entity_0037,entity_0013,entity_0037,entity_0013,entity_0013,entity_0037,entity_0013,entity_0037,0,entity_0037,entity_0013,1,train
pair_000166,query,entity_0050,entity_0033,entity_0050,entity_0033,entity_0033,entity_0050,entity_0050,entity_0033,1,entity_0033,entity_0050,0,test
pair_000167,demo,entity_0030,entity_0057,entity_0030,entity_0057,entity_0057,entity_0030,entity_0057,entity_0030,0,entity_0030,entity_0057,1,train
pair_000168,demo,entity_0024,entity_0057,entity_0024,entity_0057,entity_0057,entity_0024,entity_0024,entity_0057,1,entity_0057,entity_0024,0,train
pair_000169,query,entity_0047,entity_0028,entity_0047,entity_0028,entity_0028,entity_0047,entity_0047,entity_0028,1,entity_0028,entity_0047,0,test
pair_000170,query,entity_0052,entity_0005,entity_0052,entity_0005,entity_0005,entity_0052,entity_0052,entity_0005,1,entity_0005,entity_0052,0,test
pair_000171,demo,entity_0044,entity_0013,entity_0044,entity_0013,entity_0013,entity_0044,entity_0013,entity_0044,0,entity_0044,entity_0013,1,train
pair_000172,demo,entity_0011,entity_0034,entity_0011,entity_0034,entity_0034,entity_0011,entity_0034,entity_0011,0,entity_0011,entity_0034,1,train
pair_000173,query,entity_0041,entity_0055,entity_0041,entity_0055,entity_0055,entity_0041,entity_0041,entity_0055,1,entity_0055,entity_0041,0,test
pair_000174,query,entity_0056,entity_0013,entity_0056,entity_0013,entity_0013,entity_0056,entity_0013,entity_0056,0,entity_0056,entity_0013,1,validation
pair_000175,query,entity_0006,entity_0053,entity_0006,entity_0053,entity_0053,entity_0006,entity_0006,entity_0053,1,entity_0053,entity_0006,0,validation
pair_000176,demo,entity_0008,entity_0003,entity_0008,entity_0003,entity_0003,entity_0008,entity_0003,entity_0008,0,entity_0008,entity_0003,1,train
pair_000177,query,entity_0012,entity_0040,entity_0012,entity_0040,entity_0040,entity_0012,entity_0012,entity_0040,1,entity_0040,entity_0012,0,test
pair_000178,query,entity_0059,entity_0026,entity_0059,entity_0026,entity_0026,entity_0059,entity_0026,entity_0059,0,entity_0059,entity_0026,1,validation
pair_000179,demo,entity_0058,entity_0002,entity_0058,entity_0002,entity_0002,entity_0058,entity_0058,entity_0002,1,entity_0002,entity_0058,0,train
pair_000180,query,entity_0056,entity_0045,entity_0056,entity_0045,entity_0045,entity_0056,entity_0045,entity_0056,0,entity_0056,entity_0045,1,test
pair_000181,demo,entity_0019,entity_0055,entity_0019,entity_0055,entity_0055,entity_0019,entity_0055,entity_0019,0,entity_0019,entity_0055,1,train
pair_000182,demo,entity_0042,entity_0057,entity_0042,entity_0057,entity_0057,entity_0042,entity_0057,entity_0042,0,entity_0042,entity_0057,1,train
pair_000183,demo,entity_0059,entity_0047,entity_0059,entity_0047,entity_0047,entity_0059,entity_0059,entity_0047,1,entity_0047,entity_0059,0,train
pair_000184,query,entity_0060,entity_0032,entity_0060,entity_0032,entity_0032,entity_0060,entity_0032,entity_0060,0,entity_0060,entity_0032,1,validation
pair_000185,query,entity_0008,entity_0013,entity_0008,entity_0013,entity_0013,entity_0008,entity_0013,entity_0008,0,entity_0008,entity_0013,1,validation
pair_000186,query,entity_0042,entity_0053,entity_0042,entity_0053,entity_0053,entity_0042,entity_0053,entity_0042,0,entity_0042,entity_0053,1,test
pair_000187,demo,entity_0003,entity_0053,entity_0003,entity_0053,entity_0053,entity_0003,entity_0003,entity_0053,1,entity_0053,entity_0003,0,train
pair_000188,query,entity_0050,entity_0040,entity_0050,entity_0040,entity_0040,entity_0050,entity_0040,entity_0050,0,entity_0050,entity_0040,1,validation
pair_000189,demo,entity_0050,entity_0018,entity_0050,entity_0018,entity_0018,entity_0050,entity_0018,entity_0050,0,entity_0050,entity_0018,1,train
pair_000190,demo,entity_0012,entity_0034,entity_0012,entity_0034,entity_0034,entity_0012,entity_0012,entity_0034,1,entity_0034,entity_0012,0,train
pair_000191,demo,entity_0021,entity_0010,entity_0021,entity_0010,entity_0010,entity_0021,entity_0010,entity_0021,0,entity_0021,entity_0010,1,train
pair_000192,query,entity_0058,entity_0005,entity_0058,entity_0005,entity_0005,entity_0058,entity_0058,entity_0005,1,entity_0005,entity_0058,0,validation
pair_000193,demo,entity_0008,entity_0010,entity_0008,entity_0010,entity_0010,entity_0008,entity_0008,entity_0010,1,entity_0010,entity_0008,0,train
pair_000194,query,entity_0049,entity_0012,entity_0049,entity_0012,entity_0012,entity_0049,entity_0012,entity_0049,0,entity_0049,entity_0012,1,test
pair_000195,demo,entity_0038,entity_0033,entity_0038,entity_0033,entity_0033,entity_0038,entity_0038,entity_0033,1,entity_0033,entity_0038,0,train
pair_000196,demo,entity_0039,entity_0058,entity_0039,entity_0058,entity_0058,entity_0039,entity_0039,entity_0058,1,entity_0058,entity_0039,0,train
pair_000197,demo,entity_0022,entity_0010,entity_0022,entity_0010,entity_0010,entity_0022,entity_0022,entity_0010,1,entity_0010,entity_0022,0,train
pair_000198,demo,entity_0026,entity_0043,entity_0026,entity_0043,entity_0043,entity_0026,entity_0026,entity_0043,1,entity_0043,entity_0026,0,train
pair_000199,query,entity_0037,entity_0005,entity_0037,entity_0005,entity_0005,entity_0037,entity_0005,entity_0037,0,entity_0037,entity_0005,1,test
pair_000200,demo,entity_0059,entity_0012,entity_0059,entity_0012,entity_0012,entity_0059,entity_0012,entity_0059,0,entity_0059,entity_0012,1,train
pair_000201,demo,entity_0051,entity_0047,entity_0051,entity_0047,entity_0047,entity_0051,entity_0051,entity_0047,1,entity_0047,entity_0051,0,train
pair_000202,query,entity_0042,entity_0017,entity_0042,entity_0017,entity_0017,entity_0042,entity_0017,entity_0042,0,entity_0042,entity_0017,1,validation
pair_000203,query,entity_0037,entity_0007,entity_0037,entity_0007,entity_0007,entity_0037,entity_0037,entity_0007,1,entity_0007,entity_0037,0,validation
pair_000204,demo,entity_0006,entity_0037,entity_0006,entity_0037,entity_0037,entity_0006,entity_0006,entity_0037,1,entity_0037,entity_0006,0,train
pair_000205,query,entity_0042,entity_0009,entity_0042,entity_0009,entity_0009,entity_0042,entity_0009,entity_0042,0,entity_0042,entity_0009,1,test
pair_000206,demo,entity_0012,entity_0024,entity_0012,entity_0024,entity_0024,entity_0012,entity_0012,entity_0024,1,entity_0024,entity_0012,0,train
pair_000207,demo,entity_0018,entity_0028,entity_0018,entity_0028,entity_0028,entity_0018,entity_0018,entity_0028,1,entity_0028,entity_0018,0,train
pair_000208,demo,entity_0059,entity_0029,entity_0059,entity_0029,entity_0029,entity_0059,entity_0029,entity_0059,0,entity_0059,entity_0029,1,train
pair_000209,query,entity_0044,entity_0009,entity_0044,entity_0009,entity_0009,entity_0044,entity_0044,entity_0009,1,entity_0009,entity_0044,0,test
pair_000210,demo,entity_0057,entity_0027,entity_0057,entity_0027,entity_0027,entity_0057,entity_0057,entity_0027,1,entity_0027,entity_0057,0,train
pair_000211,demo,entity_0021,entity_0044,entity_0021,entity_0044,entity_0044,entity_0021,entity_0021,entity_0044,1,entity_0044,entity_0021,0,train
pair_000212,query,entity_0033,entity_0051,entity_0033,entity_0051,entity_0051,entity_0033,entity_0051,entity_0033,0,entity_0033,entity_0051,1,test
pair_000213,query,entity_0041,entity_0018,entity_0041,entity_0018,entity_0018,entity_0041,entity_0018,entity_0041,0,entity_0041,entity_0018,1,test
pair_000214,query,entity_0038,entity_0060,entity_0038,entity_0060,entity_0060,entity_0038,entity_0038,entity_0060,1,entity_0060,entity_0038,0,test
pair_000215,query,entity_0054,entity_0003,entity_0054,entity_0003,entity_0003,entity_0054,entity_0054,entity_0003,1,entity_0003,entity_0054,0,test
pair_000216,query,entity_0046,entity_0023,entity_0046,entity_0023,entity_0023,entity_0046,entity_0046,entity_0023,1,entity_0023,entity_0046,0,test
pair_000217,query,entity_0041,entity_0054,entity_0041,entity_0054,entity_0054,entity_0041,entity_0041,entity_0054,1,entity_0054,entity_0041,0,test
pair_000218,query,entity_0005,entity_0043,entity_0005,entity_0043,entity_0043,entity_0005,entity_0005,entity_0043,1,entity_0043,entity_0005,0,test
pair_000219,demo,entity_0019,entity_0035,entity_0019,entity_0035,entity_0035,entity_0019,entity_0035,entity_0019,0,entity_0019,entity_0035,1,train
pair_000220,demo,entity_0021,entity_0001,entity_0021,entity_0001,entity_0001,entity_0021,entity_0021,entity_0001,1,entity_0001,entity_0021,0,train
pair_000221,query,entity_0019,entity_0046,entity_0019,entity_0046,entity_0046,entity_0019,entity_0019,entity_0046,1,entity_0046,entity_0019,0,validation
pair_000222,query,entity_0059,entity_0052,entity_0059,entity_0052,entity_0052,entity_0059,entity_0059,entity_0052,1,entity_0052,entity_0059,0,test
pair_000223,query,entity_0038,entity_0045,entity_0038,entity_0045,entity_0045,entity_0038,entity_0038,entity_0045,1,entity_0045,entity_0038,0,test
pair_000224,demo,entity_0056,entity_0033,entity_0056,entity_0033,entity_0033,entity_0056,entity_0033,entity_0056,0,entity_0056,entity_0033,1,train
pair_000225,query,entity_0050,entity_0048,entity_0050,entity_0048,entity_0048,entity_0050,entity_0048,entity_0050,0,entity_0050,entity_0048,1,test
pair_000226,demo,entity_0006,entity_0048,entity_0006,entity_0048,entity_0048,entity_0006,entity_0048,entity_0006,0,entity_0006,entity_0048,1,train
pair_000227,query,entity_0042,entity_0013,entity_0042,entity_0013,entity_0013,entity_0042,entity_0042,entity_0013,1,entity_0013,entity_0042,0,test
pair_000228,demo,entity_0054,entity_0045,entity_0054,entity_0045,entity_0045,entity_0054,entity_0045,entity_0054,0,entity_0054,entity_0045,1,train
pair_000229,demo,entity_0045,entity_0008,entity_0045,entity_0008,entity_0008,entity_0045,entity_0045,entity_0008,1,entity_0008,entity_0045,0,train
pair_000230,query,entity_0056,entity_0032,entity_0056,entity_0032,entity_0032,entity_0056,entity_0056,entity_0032,1,entity_0032,entity_0056,0,test
pair_000231,demo,entity_0056,entity_0024,entity_0056,entity_0024,entity_0024,entity_0056,entity_0024,entity_0056,0,entity_0056,entity_0024,1,train
pair_000232,query,entity_0057,entity_0031,entity_0057,entity_0031,entity_0031,entity_0057,entity_0031,entity_0057,0,entity_0057,entity_0031,1,test
pair_000233,demo,entity_0040,entity_0013,entity_0040,entity_0013,entity_0013,entity_0040,entity_0013,entity_0040,0,entity_0040,entity_0013,1,train
pair_000234,demo,entity_0024,entity_0001,entity_0024,entity_0001,entity_0001,entity_0024,entity_0001,entity_0024,0,entity_0024,entity_0001,1,train
pair_000235,query,entity_0060,entity_0009,entity_0060,entity_0009,entity_0009,entity_0060,entity_0009,entity_0060,0,entity_0060,entity_0009,1,test
pair_000236,query,entity_0013,entity_0014,entity_0013,entity_0014,entity_0014,entity_0013,entity_0014,entity_0013,0,entity_0013,entity_0014,1,test
pair_000237,demo,entity_0044,entity_0005,entity_0044,entity_0005,entity_0005,entity_0044,entity_0005,entity_0044,0,entity_0044,entity_0005,1,train
pair_000238,demo,entity_0052,entity_0011,entity_0052,entity_0011,entity_0011,entity_0052,entity_0052,entity_0011,1,entity_0011,entity_0052,0,train
pair_000239,demo,entity_0013,entity_0053,entity_0013,entity_0053,entity_0053,entity_0013,entity_0013,entity_0053,1,entity_0053,entity_0013,0,train
pair_000240,demo,entity_0058,entity_0007,entity_0058,entity_0007,entity_0007,entity_0058,entity_0007,entity_0058,0,entity_0058,entity_0007,1,train
