entity_id,internal_entity_id,hidden_group_id,group_local_index
entity_0001,internal_entity_0001,group_001,1
entity_0002,internal_entity_0002,group_001,2
entity_0003,internal_entity_0003,group_001,3
entity_0004,internal_entity_0004,group_001,4
entity_0005,internal_entity_0005,group_001,5
entity_0006,internal_entity_0006,group_001,6
entity_0007,internal_entity_0007,group_001,7
entity_0008,internal_entity_0008,group_001,8
entity_0009,internal_entity_0009,group_001,9
entity_0010,internal_entity_0010,group_001,10
entity_0011,internal_entity_0011,group_002,1
entity_0012,internal_entity_0012,group_002,2
entity_0013,internal_entity_0013,group_002,3
entity_0014,internal_entity_0014,group_002,4
entity_0015,internal_entity_0015,group_002,5
entity_0016,internal_entity_0016,group_002,6
entity_0017,internal_entity_0017,group_002,7
entity_0018,internal_entity_0018,group_002,8
entity_0019,internal_entity_0019,group_002,9
entity_0020,internal_entity_0020,group_002,10
entity_0021,internal_entity_0021,group_003,1
entity_0022,internal_entity_0022,group_003,2
entity_0023,internal_entity_0023,group_003,3
entity_0024,internal_entity_0024,group_003,4
entity_0025,internal_entity_0025,group_003,5
entity_0026,internal_entity_0026,group_003,6
entity_0027,internal_entity_0027,group_003,7
entity_0028,internal_entity_0028,group_003,8
entity_0029,internal_entity_0029,group_003,9
entity_0030,internal_entity_0030,group_003,10
entity_0031,internal_entity_0031,group_004,1
entity_0032,internal_entity_0032,group_004,2
entity_0033,internal_entity_0033,group_004,3
entity_0034,internal_entity_0034,group_004,4
entity_0035,internal_entity_0035,group_004,5
entity_0036,internal_entity_0036,group_004,6
entity_0037,internal_entity_0037,group_004,7
entity_0038,internal_entity_0038,group_004,8
entity_0039,internal_entity_0039,group_004,9
entity_0040,internal_entity_0040,group_004,10
entity_0041,internal_entity_0041,group_005,1
entity_0042,internal_entity_0042,group_005,2
entity_0043,internal_entity_0043,group_005,3
entity_0044,internal_entity_0044,group_005,4
entity_0045,internal_entity_0045,group_005,5
entity_0046,internal_entity_0046,group_005,6
entity_0047,internal_entity_0047,group_005,7
entity_0048,internal_entity_0048,group_005,8
entity_0049,internal_entity_0049,group_005,9
entity_0050,internal_entity_0050,group_005,10
entity_0051,internal_entity_0051,group_006,1
entity_0052,internal_entity_0052,group_006,2
entity_0053,internal_entity_0053,group_006,3
entity_0054,internal_entity_0054,group_006,4
entity_0055,internal_entity_0055,group_006,5
entity_0056,internal_entity_0056,group_006,6
entity_0057,internal_entity_0057,group_006,7
entity_0058,internal_entity_0058,group_006,8
entity_0059,internal_entity_0059,group_006,9
entity_0060,internal_entity_0060,group_006,10
entity_0061,internal_entity_0061,group_007,1
entity_0062,internal_entity_0062,group_007,2
entity_0063,internal_entity_0063,group_007,3
entity_0064,internal_entity_0064,group_007,4
entity_0065,internal_entity_0065,group_007,5
entity_0066,internal_entity_0066,group_007,6
entity_0067,internal_entity_0067,group_007,7
entity_0068,internal_entity_0068,group_007,8
entity_0069,internal_entity_0069,group_007,9
entity_0070,internal_entity_0070,group_007,10
entity_0071,internal_entity_0071,group_008,1
entity_0072,internal_entity_0072,group_008,2
entity_0073,internal_entity_0073,group_008,3
entity_0074,internal_entity_0074,group_008,4
entity_0075,internal_entity_0075,group_008,5
entity_0076,internal_entity_0076,group_008,6
entity_0077,internal_entity_0077,group_008,7
entity_0078,internal_entity_0078,group_008,8
entity_0079,internal_entity_0079,group_008,9
entity_0080,internal_entity_0080,group_008,10
entity_0081,internal_entity_0081,group_009,1
entity_0082,internal_entity_0082,group_009,2
entity_0083,internal_entity_0083,group_009,3
entity_0084,internal_entity_0084,group_009,4
entity_0085,internal_entity_0085,group_009,5
entity_0086,internal_entity_0086,group_009,6
entity_0087,internal_entity_0087,group_009,7
entity_0088,internal_entity_0088,group_009,8
entity_0089,internal_entity_0089,group_009,9
entity_0090,internal_entity_0090,group_009,10
entity_0091,internal_entity_0091,group_010,1
entity_0092,internal_entity_0092,group_010,2
entity_0093,internal_entity_0093,group_010,3
entity_0094,internal_entity_0094,group_010,4
entity_0095,internal_entity_0095,group_010,5
entity_0096,internal_entity_0096,group_010,6
entity_0097,internal_entity_0097,group_010,7
entity_0098,internal_entity_0098,group_010,8
entity_0099,internal_entity_0099,group_010,9
entity_0100,internal_entity_0100,group_010,10
entity_0101,internal_entity_0101,group_011,1
entity_0102,internal_entity_0102,group_011,2
entity_0103,internal_entity_0103,group_011,3
entity_0104,internal_entity_0104,group_011,4
entity_0105,internal_entity_0105,group_011,5
entity_0106,internal_entity_0106,group_011,6
entity_0107,internal_entity_0107,group_011,7
entity_0108,internal_entity_0108,group_011,8
entity_0109,internal_entity_0109,group_011,9
entity_0110,internal_entity_0110,group_011,10
entity_0111,internal_entity_0111,group_012,1
entity_0112,internal_entity_0112,group_012,2
entity_0113,internal_entity_0113,group_012,3
entity_0114,internal_entity_0114,group_012,4
entity_0115,internal_entity_0115,group_012,5
entity_0116,internal_entity_0116,group_012,6
entity_0117,internal_entity_0117,group_012,7
entity_0118,internal_entity_0118,group_012,8
entity_0119,internal_entity_0119,group_012,9
entity_0120,internal_entity_0120,group_012,10
entity_0121,internal_entity_0121,group_013,1
entity_0122,internal_entity_0122,group_013,2
entity_0123,internal_entity_0123,group_013,3
entity_0124,internal_entity_0124,group_013,4
entity_0125,internal_entity_0125,group_013,5
entity_0126,internal_entity_0126,group_013,6
entity_0127,internal_entity_0127,group_013,7
entity_0128,internal_entity_0128,group_013,8
entity_0129,internal_entity_0129,group_013,9
entity_0130,internal_entity_0130,group_013,10
entity_0131,internal_entity_0131,group_014,1
entity_0132,internal_entity_0132,group_014,2
entity_0133,internal_entity_0133,group_014,3
entity_0134,internal_entity_0134,group_014,4
entity_0135,internal_entity_0135,group_014,5
entity_0136,internal_entity_0136,group_014,6
entity_0137,internal_entity_0137,group_014,7
entity_0138,internal_entity_0138,group_014,8
entity_0139,internal_entity_0139,group_014,9
entity_0140,internal_entity_0140,group_014,10
entity_0141,internal_entity_0141,group_015,1
entity_0142,internal_entity_0142,group_015,2
entity_0143,internal_entity_0143,group_015,3
entity_0144,internal_entity_0144,group_015,4
entity_0145,internal_entity_0145,group_015,5
entity_0146,internal_entity_0146,group_015,6
entity_0147,internal_entity_0147,group_015,7
entity_0148,internal_entity_0148,group_015,8
entity_0149,internal_entity_0149,group_015,9
entity_0150,internal_entity_0150,group_015,10
entity_0151,internal_entity_0151,group_016,1
entity_0152,internal_entity_0152,group_016,2
entity_0153,internal_entity_0153,group_016,3
entity_0154,internal_entity_0154,group_016,4
entity_0155,internal_entity_0155,group_016,5
entity_0156,internal_entity_0156,group_016,6
entity_0157,internal_entity_0157,group_016,7
entity_0158,internal_entity_0158,group_016,8
entity_0159,internal_entity_0159,group_016,9
entity_0160,internal_entity_0160,group_016,10
entity_0161,internal_entity_0161,group_017,1
entity_0162,internal_entity_0162,group_017,2
entity_0163,internal_entity_0163,group_017,3
entity_0164,internal_entity_0164,group_017,4
entity_0165,internal_entity_0165,group_017,5
entity_0166,internal_entity_0166,group_017,6
entity_0167,internal_entity_0167,group_017,7
entity_0168,internal_entity_0168,group_017,8
entity_0169,internal_entity_0169,group_017,9
entity_0170,internal_entity_0170,group_017,10
entity_0171,internal_entity_0171,group_018,1
entity_0172,internal_entity_0172,group_018,2
entity_0173,internal_entity_0173,group_018,3
entity_0174,internal_entity_0174,group_018,4
entity_0175,internal_entity_0175,group_018,5
entity_0176,internal_entity_0176,group_018,6
entity_0177,internal_entity_0177,group_018,7
entity_0178,internal_entity_0178,group_018,8
entity_0179,internal_entity_0179,group_018,9
entity_0180,internal_entity_0180,group_018,10
entity_0181,internal_entity_0181,group_019,1
entity_0182,internal_entity_0182,group_019,2
entity_0183,internal_entity_0183,group_019,3
entity_0184,internal_entity_0184,group_019,4
entity_0185,internal_entity_0185,group_019,5
entity_0186,internal_entity_0186,group_019,6
entity_0187,internal_entity_0187,group_019,7
entity_0188,internal_entity_0188,group_019,8
entity_0189,internal_entity_0189,group_019,9
entity_0190,internal_entity_0190,group_019,10
entity_0191,internal_entity_0191,group_020,1
entity_0192,internal_entity_0192,group_020,2
entity_0193,internal_entity_0193,group_020,3
entity_0194,internal_entity_0194,group_020,4
entity_0195,internal_entity_0195,group_020,5
entity_0196,internal_entity_0196,group_020,6
entity_0197,internal_entity_0197,group_020,7
entity_0198,internal_entity_0198,group_020,8
entity_0199,internal_entity_0199,group_020,9
entity_0200,internal_entity_0200,group_020,10
entity_0201,internal_entity_0201,group_021,1
entity_0202,internal_entity_0202,group_021,2
entity_0203,internal_entity_0203,group_021,3
entity_0204,internal_entity_0204,group_021,4
entity_0205,internal_entity_0205,group_021,5
entity_0206,internal_entity_0206,group_021,6
entity_0207,internal_entity_0207,group_021,7
entity_0208,internal_entity_0208,group_021,8
entity_0209,internal_entity_0209,group_021,9
entity_0210,internal_entity_0210,group_021,10
entity_0211,internal_entity_0211,group_022,1
entity_0212,internal_entity_0212,group_022,2
entity_0213,internal_entity_0213,group_022,3
entity_0214,internal_entity_0214,group_022,4
entity_0215,internal_entity_0215,group_022,5
entity_0216,internal_entity_0216,group_022,6
entity_0217,internal_entity_0217,group_022,7
entity_0218,internal_entity_0218,group_022,8
entity_0219,internal_entity_0219,group_022,9
entity_0220,internal_entity_0220,group_022,10
entity_0221,internal_entity_0221,group_023,1
entity_0222,internal_entity_0222,group_023,2
entity_0223,internal_entity_0223,group_023,3
entity_0224,internal_entity_0224,group_023,4
entity_0225,internal_entity_0225,group_023,5
entity_0226,internal_entity_0226,group_023,6
entity_0227,internal_entity_0227,group_023,7
entity_0228,internal_entity_0228,group_023,8
entity_0229,internal_entity_0229,group_023,9
entity_0230,internal_entity_0230,group_023,10
entity_0231,internal_entity_0231,group_024,1
entity_0232,internal_entity_0232,group_024,2
entity_0233,internal_entity_0233,group_024,3
entity_0234,internal_entity_0234,group_024,4
entity_0235,internal_entity_0235,group_024,5
entity_0236,internal_entity_0236,group_024,6
entity_0237,internal_entity_0237,group_024,7
entity_0238,internal_entity_0238,group_024,8
entity_0239,internal_entity_0239,group_024,9
entity_0240,internal_entity_0240,group_024,10
entity_0241,internal_entity_0241,group_025,1
entity_0242,internal_entity_0242,group_025,2
entity_0243,internal_entity_0243,group_025,3
entity_0244,internal_entity_0244,group_025,4
entity_0245,internal_entity_0245,group_025,5
entity_0246,internal_entity_0246,group_025,6
entity_0247,internal_entity_0247,group_025,7
entity_0248,internal_entity_0248,group_025,8
entity_0249,internal_entity_0249,group_025,9
entity_0250,internal_entity_0250,group_025,10
entity_0251,internal_entity_0251,group_026,1
entity_0252,internal_entity_0252,group_026,2
entity_0253,internal_entity_0253,group_026,3
entity_0254,internal_entity_0254,group_026,4
entity_0255,internal_entity_0255,group_026,5
entity_0256,internal_entity_0256,group_026,6
entity_0257,internal_entity_0257,group_026,7
entity_0258,internal_entity_0258,group_026,8
entity_0259,internal_entity_0259,group_026,9
entity_0260,internal_entity_0260,group_026,10
entity_0261,internal_entity_0261,group_027,1
entity_0262,internal_entity_0262,group_027,2
entity_0263,internal_entity_0263,group_027,3
entity_0264,internal_entity_0264,group_027,4
entity_0265,internal_entity_0265,group_027,5
entity_0266,internal_entity_0266,group_027,6
entity_0267,internal_entity_0267,group_027,7
entity_0268,internal_entity_0268,group_027,8
entity_0269,internal_entity_0269,group_027,9
entity_0270,internal_entity_0270,group_027,10
entity_0271,internal_entity_0271,group_028,1
entity_0272,internal_entity_0272,group_028,2
entity_0273,internal_entity_0273,group_028,3
entity_0274,internal_entity_0274,group_028,4
entity_0275,internal_entity_0275,group_028,5
entity_0276,internal_entity_0276,group_028,6
entity_0277,internal_entity_0277,group_028,7
entity_0278,internal_entity_0278,group_028,8
entity_0279,internal_entity_0279,group_028,9
entity_0280,internal_entity_0280,group_028,10
entity_0281,internal_entity_0281,group_029,1
entity_0282,internal_entity_0282,group_029,2
entity_0283,internal_entity_0283,group_029,3
entity_0284,internal_entity_0284,group_029,4
entity_0285,internal_entity_0285,group_029,5
entity_0286,internal_entity_0286,group_029,6
entity_0287,internal_entity_0287,group_029,7
entity_0288,internal_entity_0288,group_029,8
entity_0289,internal_entity_0289,group_029,9
entity_0290,internal_entity_0290,group_029,10
entity_0291,internal_entity_0291,group_030,1
entity_0292,internal_entity_0292,group_030,2
entity_0293,internal_entity_0293,group_030,3
entity_0294,internal_entity_0294,group_030,4
entity_0295,internal_entity_0295,group_030,5
entity_0296,internal_entity_0296,group_030,6
entity_0297,internal_entity_0297,group_030,7
entity_0298,internal_entity_0298,group_030,8
entity_0299,internal_entity_0299,group_030,9
entity_0300,internal_entity_0300,group_030,10
entity_0301,internal_entity_0301,group_031,1
entity_0302,internal_entity_0302,group_031,2
entity_0303,internal_entity_0303,group_031,3
entity_0304,internal_entity_0304,group_031,4
entity_0305,internal_entity_0305,group_031,5
entity_0306,internal_entity_0306,group_031,6
entity_0307,internal_entity_0307,group_031,7
entity_0308,internal_entity_0308,group_031,8
entity_0309,internal_entity_0309,group_031,9
entity_0310,internal_entity_0310,group_031,10
entity_0311,internal_entity_0311,group_032,1
entity_0312,internal_entity_0312,group_032,2
entity_0313,internal_entity_0313,group_032,3
entity_0314,internal_entity_0314,group_032,4
entity_0315,internal_entity_0315,group_032,5
entity_0316,internal_entity_0316,group_032,6
entity_0317,internal_entity_0317,group_032,7
entity_0318,internal_entity_0318,group_032,8
entity_0319,internal_entity_0319,group_032,9
entity_0320,internal_entity_0320,group_032,10
entity_0321,internal_entity_0321,group_033,1
entity_0322,internal_entity_0322,group_033,2
entity_0323,internal_entity_0323,group_033,3
entity_0324,internal_entity_0324,group_033,4
entity_0325,internal_entity_0325,group_033,5
entity_0326,internal_entity_0326,group_033,6
entity_0327,internal_entity_0327,group_033,7
entity_0328,internal_entity_0328,group_033,8
entity_0329,internal_entity_0329,group_033,9
entity_0330,internal_entity_0330,group_033,10
entity_0331,internal_entity_0331,group_034,1
entity_0332,internal_entity_0332,group_034,2
entity_0333,internal_entity_0333,group_034,3
entity_0334,internal_entity_0334,group_034,4
entity_0335,internal_entity_0335,group_034,5
entity_0336,internal_entity_0336,group_034,6
entity_0337,internal_entity_0337,group_034,7
entity_0338,internal_entity_0338,group_034,8
entity_0339,internal_entity_0339,group_034,9
entity_0340,internal_entity_0340,group_034,10
entity_0341,internal_entity_0341,group_035,1
entity_0342,internal_entity_0342,group_035,2
entity_0343,internal_entity_0343,group_035,3
entity_0344,internal_entity_0344,group_035,4
entity_0345,internal_entity_0345,group_035,5
entity_0346,internal_entity_0346,group_035,6
entity_0347,internal_entity_0347,group_035,7
entity_0348,internal_entity_0348,group_035,8
entity_0349,internal_entity_0349,group_035,9
entity_0350,internal_entity_0350,group_035,10
entity_0351,internal_entity_0351,group_036,1
entity_0352,internal_entity_0352,group_036,2
entity_0353,internal_entity_0353,group_036,3
entity_0354,internal_entity_0354,group_036,4
entity_0355,internal_entity_0355,group_036,5
entity_0356,internal_entity_0356,group_036,6
entity_0357,internal_entity_0357,group_036,7
entity_0358,internal_entity_0358,group_036,8
entity_0359,internal_entity_0359,group_036,9
entity_0360,internal_entity_0360,group_036,10
entity_0361,internal_entity_0361,group_037,1
entity_0362,internal_entity_0362,group_037,2
entity_0363,internal_entity_0363,group_037,3
entity_0364,internal_entity_0364,group_037,4
entity_0365,internal_entity_0365,group_037,5
entity_0366,internal_entity_0366,group_037,6
entity_0367,internal_entity_0367,group_037,7
entity_0368,internal_entity_0368,group_037,8
entity_0369,internal_entity_0369,group_037,9
entity_0370,internal_entity_0370,group_037,10
entity_0371,internal_entity_0371,group_038,1
entity_0372,internal_entity_0372,group_038,2
entity_0373,internal_entity_0373,group_038,3
entity_0374,internal_entity_0374,group_038,4
entity_0375,internal_entity_0375,group_038,5
entity_0376,internal_entity_0376,group_038,6
entity_0377,internal_entity_0377,group_038,7
entity_0378,internal_entity_0378,group_038,8
entity_0379,internal_entity_0379,group_038,9
entity_0380,internal_entity_0380,group_038,10
entity_0381,internal_entity_0381,group_039,1
entity_0382,internal_entity_0382,group_039,2
entity_0383,internal_entity_0383,group_039,3
entity_0384,internal_entity_0384,group_039,4
entity_0385,internal_entity_0385,group_039,5
entity_0386,internal_entity_0386,group_039,6
entity_0387,internal_entity_0387,group_039,7
entity_0388,internal_entity_0388,group_039,8
entity_0389,internal_entity_0389,group_039,9
entity_0390,internal_entity_0390,group_039,10
entity_0391,internal_entity_0391,group_040,1
entity_0392,internal_entity_0392,group_040,2
entity_0393,internal_entity_0393,group_040,3
entity_0394,internal_entity_0394,group_040,4
entity_0395,internal_entity_0395,group_040,5
entity_0396,internal_entity_0396,group_040,6
entity_0397,internal_entity_0397,group_040,7
entity_0398,internal_entity_0398,group_040,8
entity_0399,internal_entity_0399,group_040,9
entity_0400,internal_entity_0400,group_040,10
entity_0401,internal_entity_0401,group_041,1
entity_0402,internal_entity_0402,group_041,2
entity_0403,internal_entity_0403,group_041,3
entity_0404,internal_entity_0404,group_041,4
entity_0405,internal_entity_0405,group_041,5
entity_0406,internal_entity_0406,group_041,6
entity_0407,internal_entity_0407,group_041,7
entity_0408,internal_entity_0408,group_041,8
entity_0409,internal_entity_0409,group_041,9
entity_0410,internal_entity_0410,group_041,10
entity_0411,internal_entity_0411,group_042,1
entity_0412,internal_entity_0412,group_042,2
entity_0413,internal_entity_0413,group_042,3
entity_0414,internal_entity_0414,group_042,4
entity_0415,internal_entity_0415,group_042,5
entity_0416,internal_entity_0416,group_042,6
entity_0417,internal_entity_0417,group_042,7
entity_0418,internal_entity_0418,group_042,8
entity_0419,internal_entity_0419,group_042,9
entity_0420,internal_entity_0420,group_042,10
entity_0421,internal_entity_0421,group_043,1
entity_0422,internal_entity_0422,group_043,2
entity_0423,internal_entity_0423,group_043,3
entity_0424,internal_entity_0424,group_043,4
entity_0425,internal_entity_0425,group_043,5
entity_0426,internal_entity_0426,group_043,6
entity_0427,internal_entity_0427,group_043,7
entity_0428,internal_entity_0428,group_043,8
entity_0429,internal_entity_0429,group_043,9
entity_0430,internal_entity_0430,group_043,10
entity_0431,internal_entity_0431,group_044,1
entity_0432,internal_entity_0432,group_044,2
entity_0433,internal_entity_0433,group_044,3
entity_0434,internal_entity_0434,group_044,4
entity_0435,internal_entity_0435,group_044,5
entity_0436,internal_entity_0436,group_044,6
entity_0437,internal_entity_0437,group_044,7
entity_0438,internal_entity_0438,group_044,8
entity_0439,internal_entity_0439,group_044,9
entity_0440,internal_entity_0440,group_044,10
entity_0441,internal_entity_0441,group_045,1
entity_0442,internal_entity_0442,group_045,2
entity_0443,internal_entity_0443,group_045,3
entity_0444,internal_entity_0444,group_045,4
entity_0445,internal_entity_0445,group_045,5
entity_0446,internal_entity_0446,group_045,6
entity_0447,internal_entity_0447,group_045,7
entity_0448,internal_entity_0448,group_045,8
entity_0449,internal_entity_0449,group_045,9
entity_0450,internal_entity_0450,group_045,10
entity_0451,internal_entity_0451,group_046,1
entity_0452,internal_entity_0452,group_046,2
entity_0453,internal_entity_0453,group_046,3
entity_0454,internal_entity_0454,group_046,4
entity_0455,internal_entity_0455,group_046,5
entity_0456,internal_entity_0456,group_046,6
entity_0457,internal_entity_0457,group_046,7
entity_0458,internal_entity_0458,group_046,8
entity_0459,internal_entity_0459,group_046,9
entity_0460,internal_entity_0460,group_046,10
entity_0461,internal_entity_0461,group_047,1
entity_0462,internal_entity_0462,group_047,2
entity_0463,internal_entity_0463,group_047,3
entity_0464,internal_entity_0464,group_047,4
entity_0465,internal_entity_0465,group_047,5
entity_0466,internal_entity_0466,group_047,6
entity_0467,internal_entity_0467,group_047,7
entity_0468,internal_entity_0468,group_047,8
entity_0469,internal_entity_0469,group_047,9
entity_0470,internal_entity_0470,group_047,10
entity_0471,internal_entity_0471,group_048,1
entity_0472,internal_entity_0472,group_048,2
entity_0473,internal_entity_0473,group_048,3
entity_0474,internal_entity_0474,group_048,4
entity_0475,internal_entity_0475,group_048,5
entity_0476,internal_entity_0476,group_048,6
entity_0477,internal_entity_0477,group_048,7
entity_0478,internal_entity_0478,group_048,8
entity_0479,internal_entity_0479,group_048,9
entity_0480,internal_entity_0480,group_048,10
entity_0481,internal_entity_0481,group_049,1
entity_0482,internal_entity_0482,group_049,2
entity_0483,internal_entity_0483,group_049,3
entity_0484,internal_entity_0484,group_049,4
entity_0485,internal_entity_0485,group_049,5
entity_0486,internal_entity_0486,group_049,6
entity_0487,internal_entity_0487,group_049,7
entity_0488,internal_entity_0488,group_049,8
entity_0489,internal_entity_0489,group_049,9
entity_0490,internal_entity_0490,group_049,10
entity_0491,internal_entity_0491,group_050,1
entity_0492,internal_entity_0492,group_050,2
entity_0493,internal_entity_0493,group_050,3
entity_0494,internal_entity_0494,group_050,4
entity_0495,internal_entity_0495,group_050,5
entity_0496,internal_entity_0496,group_050,6
entity_0497,internal_entity_0497,group_050,7
entity_0498,internal_entity_0498,group_050,8
entity_0499,internal_entity_0499,group_050,9
entity_0500,internal_entity_0500,group_050,10
entity_0501,internal_entity_0501,group_051,1
entity_0502,internal_entity_0502,group_051,2
entity_0503,internal_entity_0503,group_051,3
entity_0504,internal_entity_0504,group_051,4
entity_0505,internal_entity_0505,group_051,5
entity_0506,internal_entity_0506,group_051,6
entity_0507,internal_entity_0507,group_051,7
entity_0508,internal_entity_0508,group_051,8
entity_0509,internal_entity_0509,group_051,9
entity_0510,internal_entity_0510,group_051,10
entity_0511,internal_entity_0511,group_052,1
entity_0512,internal_entity_0512,group_052,2
entity_0513,internal_entity_0513,group_052,3
entity_0514,internal_entity_0514,group_052,4
entity_0515,internal_entity_0515,group_052,5
entity_0516,internal_entity_0516,group_052,6
entity_0517,internal_entity_0517,group_052,7
entity_0518,internal_entity_0518,group_052,8
entity_0519,internal_entity_0519,group_052,9
entity_0520,internal_entity_0520,group_052,10
entity_0521,internal_entity_0521,group_053,1
entity_0522,internal_entity_0522,group_053,2
entity_0523,internal_entity_0523,group_053,3
entity_0524,internal_entity_0524,group_053,4
entity_0525,internal_entity_0525,group_053,5
entity_0526,internal_entity_0526,group_053,6
entity_0527,internal_entity_0527,group_053,7
entity_0528,internal_entity_0528,group_053,8
entity_0529,internal_entity_0529,group_053,9
entity_0530,internal_entity_0530,group_053,10
entity_0531,internal_entity_0531,group_054,1
entity_0532,internal_entity_0532,group_054,2
entity_0533,internal_entity_0533,group_054,3
entity_0534,internal_entity_0534,group_054,4
entity_0535,internal_entity_0535,group_054,5
entity_0536,internal_entity_0536,group_054,6
entity_0537,internal_entity_0537,group_054,7
entity_0538,internal_entity_0538,group_054,8
entity_0539,internal_entity_0539,group_054,9
entity_0540,internal_entity_0540,group_054,10
entity_0541,internal_entity_0541,group_055,1
entity_0542,internal_entity_0542,group_055,2
entity_0543,internal_entity_0543,group_055,3
entity_0544,internal_entity_0544,group_055,4
entity_0545,internal_entity_0545,group_055,5
entity_0546,internal_entity_0546,group_055,6
entity_0547,internal_entity_0547,group_055,7
entity_0548,internal_entity_0548,group_055,8
entity_0549,internal_entity_0549,group_055,9
entity_0550,internal_entity_0550,group_055,10
entity_0551,internal_entity_0551,group_056,1
entity_0552,internal_entity_0552,group_056,2
entity_0553,internal_entity_0553,group_056,3
entity_0554,internal_entity_0554,group_056,4
entity_0555,internal_entity_0555,group_056,5
entity_0556,internal_entity_0556,group_056,6
entity_0557,internal_entity_0557,group_056,7
entity_0558,internal_entity_0558,group_056,8
entity_0559,internal_entity_0559,group_056,9
entity_0560,internal_entity_0560,group_056,10
entity_0561,internal_entity_0561,group_057,1
entity_0562,internal_entity_0562,group_057,2
entity_0563,internal_entity_0563,group_057,3
entity_0564,internal_entity_0564,group_057,4
entity_0565,internal_entity_0565,group_057,5
entity_0566,internal_entity_0566,group_057,6
entity_0567,internal_entity_0567,group_057,7
entity_0568,internal_entity_0568,group_057,8
entity_0569,internal_entity_0569,group_057,9
entity_0570,internal_entity_0570,group_057,10
entity_0571,internal_entity_0571,group_058,1
entity_0572,internal_entity_0572,group_058,2
entity_0573,internal_entity_0573,group_058,3
entity_0574,internal_entity_0574,group_058,4
entity_0575,internal_entity_0575,group_058,5
entity_0576,internal_entity_0576,group_058,6
entity_0577,internal_entity_0577,group_058,7
entity_0578,internal_entity_0578,group_058,8
entity_0579,internal_entity_0579,group_058,9
entity_0580,internal_entity_0580,group_058,10
entity_0581,internal_entity_0581,group_059,1
entity_0582,internal_entity_0582,group_059,2
entity_0583,internal_entity_0583,group_059,3
entity_0584,internal_entity_0584,group_059,4
entity_0585,internal_entity_0585,group_059,5
entity_0586,internal_entity_0586,group_059,6
entity_0587,internal_entity_0587,group_059,7
entity_0588,internal_entity_0588,group_059,8
entity_0589,internal_entity_0589,group_059,9
entity_0590,internal_entity_0590,group_059,10
entity_0591,internal_entity_0591,group_060,1
entity_0592,internal_entity_0592,group_060,2
entity_0593,internal_entity_0593,group_060,3
entity_0594,internal_entity_0594,group_060,4
entity_0595,internal_entity_0595,group_060,5
entity_0596,internal_entity_0596,group_060,6
entity_0597,internal_entity_0597,group_060,7
entity_0598,internal_entity_0598,group_060,8
entity_0599,internal_entity_0599,group_060,9
entity_0600,internal_entity_0600,group_060,10
entity_0601,internal_entity_0601,group_061,1
entity_0602,internal_entity_0602,group_061,2
entity_0603,internal_entity_0603,group_061,3
entity_0604,internal_entity_0604,group_061,4
entity_0605,internal_entity_0605,group_061,5
entity_0606,internal_entity_0606,group_061,6
entity_0607,internal_entity_0607,group_061,7
entity_0608,internal_entity_0608,group_061,8
entity_0609,internal_entity_0609,group_061,9
entity_0610,internal_entity_0610,group_061,10
entity_0611,internal_entity_0611,group_062,1
entity_0612,internal_entity_0612,group_062,2
entity_0613,internal_entity_0613,group_062,3
entity_0614,internal_entity_0614,group_062,4
entity_0615,internal_entity_0615,group_062,5
entity_0616,internal_entity_0616,group_062,6
entity_0617,internal_entity_0617,group_062,7
entity_0618,internal_entity_0618,group_062,8
entity_0619,internal_entity_0619,group_062,9
entity_0620,internal_entity_0620,group_062,10
entity_0621,internal_entity_0621,group_063,1
entity_0622,internal_entity_0622,group_063,2
entity_0623,internal_entity_0623,group_063,3
entity_0624,internal_entity_0624,group_063,4
entity_0625,internal_entity_0625,group_063,5
entity_0626,internal_entity_0626,group_063,6
entity_0627,internal_entity_0627,group_063,7
entity_0628,internal_entity_0628,group_063,8
entity_0629,internal_entity_0629,group_063,9
entity_0630,internal_entity_0630,group_063,10
entity_0631,internal_entity_0631,group_064,1
entity_0632,internal_entity_0632,group_064,2
entity_0633,internal_entity_0633,group_064,3
entity_0634,internal_entity_0634,group_064,4
entity_0635,internal_entity_0635,group_064,5
entity_0636,internal_entity_0636,group_064,6
entity_0637,internal_entity_0637,group_064,7
entity_0638,internal_entity_0638,group_064,8
entity_0639,internal_entity_0639,group_064,9
entity_0640,internal_entity_0640,group_064,10
entity_0641,internal_entity_0641,group_065,1
entity_0642,internal_entity_0642,group_065,2
entity_0643,internal_entity_0643,group_065,3
entity_0644,internal_entity_0644,group_065,4
entity_0645,internal_entity_0645,group_065,5
entity_0646,internal_entity_0646,group_065,6
entity_0647,internal_entity_0647,group_065,7
entity_0648,internal_entity_0648,group_065,8
entity_0649,internal_entity_0649,group_065,9
entity_0650,internal_entity_0650,group_065,10
entity_0651,internal_entity_0651,group_066,1
entity_0652,internal_entity_0652,group_066,2
entity_0653,internal_entity_0653,group_066,3
entity_0654,internal_entity_0654,group_066,4
entity_0655,internal_entity_0655,group_066,5
entity_0656,internal_entity_0656,group_066,6
entity_0657,internal_entity_0657,group_066,7
entity_0658,internal_entity_0658,group_066,8
entity_0659,internal_entity_0659,group_066,9
entity_0660,internal_entity_0660,group_066,10
entity_0661,internal_entity_0661,group_067,1
entity_0662,internal_entity_0662,group_067,2
entity_0663,internal_entity_0663,group_067,3
entity_0664,internal_entity_0664,group_067,4
entity_0665,internal_entity_0665,group_067,5
entity_0666,internal_entity_0666,group_067,6
entity_0667,internal_entity_0667,group_067,7
entity_0668,internal_entity_0668,group_067,8
entity_0669,internal_entity_0669,group_067,9
entity_0670,internal_entity_0670,group_067,10
entity_0671,internal_entity_0671,group_068,1
entity_0672,internal_entity_0672,group_068,2
entity_0673,internal_entity_0673,group_068,3
entity_0674,internal_entity_0674,group_068,4
entity_0675,internal_entity_0675,group_068,5
entity_0676,internal_entity_0676,group_068,6
entity_0677,internal_entity_0677,group_068,7
entity_0678,internal_entity_0678,group_068,8
entity_0679,internal_entity_0679,group_068,9
entity_0680,internal_entity_0680,group_068,10
entity_0681,internal_entity_0681,group_069,1
entity_0682,internal_entity_0682,group_069,2
entity_0683,internal_entity_0683,group_069,3
entity_0684,internal_entity_0684,group_069,4
entity_0685,internal_entity_0685,group_069,5
entity_0686,internal_entity_0686,group_069,6
entity_0687,internal_entity_0687,group_069,7
entity_0688,internal_entity_0688,group_069,8
entity_0689,internal_entity_0689,group_069,9
entity_0690,internal_entity_0690,group_069,10
entity_0691,internal_entity_0691,group_070,1
entity_0692,internal_entity_0692,group_070,2
entity_0693,internal_entity_0693,group_070,3
entity_0694,internal_entity_0694,group_070,4
entity_0695,internal_entity_0695,group_070,5
entity_0696,internal_entity_0696,group_070,6
entity_0697,internal_entity_0697,group_070,7
entity_0698,internal_entity_0698,group_070,8
entity_0699,internal_entity_0699,group_070,9
entity_0700,internal_entity_0700,group_070,10
entity_0701,internal_entity_0701,group_071,1
entity_0702,internal_entity_0702,group_071,2
entity_0703,internal_entity_0703,group_071,3
entity_0704,internal_entity_0704,group_071,4
entity_0705,internal_entity_0705,group_071,5
entity_0706,internal_entity_0706,group_071,6
entity_0707,internal_entity_0707,group_071,7
entity_0708,internal_entity_0708,group_071,8
entity_0709,internal_entity_0709,group_071,9
entity_0710,internal_entity_0710,group_071,10
entity_0711,internal_entity_0711,group_072,1
entity_0712,internal_entity_0712,group_072,2
entity_0713,internal_entity_0713,group_072,3
entity_0714,internal_entity_0714,group_072,4
entity_0715,internal_entity_0715,group_072,5
entity_0716,internal_entity_0716,group_072,6
entity_0717,internal_entity_0717,group_072,7
entity_0718,internal_entity_0718,group_072,8
entity_0719,internal_entity_0719,group_072,9
entity_0720,internal_entity_0720,group_072,10
entity_0721,internal_entity_0721,group_073,1
entity_0722,internal_entity_0722,group_073,2
entity_0723,internal_entity_0723,group_073,3
entity_0724,internal_entity_0724,group_073,4
entity_0725,internal_entity_0725,group_073,5
entity_0726,internal_entity_0726,group_073,6
entity_0727,internal_entity_0727,group_073,7
entity_0728,internal_entity_0728,group_073,8
entity_0729,internal_entity_0729,group_073,9
entity_0730,internal_entity_0730,group_073,10
entity_0731,internal_entity_0731,group_074,1
entity_0732,internal_entity_0732,group_074,2
entity_0733,internal_entity_0733,group_074,3
entity_0734,internal_entity_0734,group_074,4
entity_0735,internal_entity_0735,group_074,5
entity_0736,internal_entity_0736,group_074,6
entity_0737,internal_entity_0737,group_074,7
entity_0738,internal_entity_0738,group_074,8
entity_0739,internal_entity_0739,group_074,9
entity_0740,internal_entity_0740,group_074,10
entity_0741,internal_entity_0741,group_075,1
entity_0742,internal_entity_0742,group_075,2
entity_0743,internal_entity_0743,group_075,3
entity_0744,internal_entity_0744,group_075,4
entity_0745,internal_entity_0745,group_075,5
entity_0746,internal_entity_0746,group_075,6
entity_0747,internal_entity_0747,group_075,7
entity_0748,internal_entity_0748,group_075,8
entity_0749,internal_entity_0749,group_075,9
entity_0750,internal_entity_0750,group_075,10
entity_0751,internal_entity_0751,group_076,1
entity_0752,internal_entity_0752,group_076,2
entity_0753,internal_entity_0753,group_076,3
entity_0754,internal_entity_0754,group_076,4
entity_0755,internal_entity_0755,group_076,5
entity_0756,internal_entity_0756,group_076,6
entity_0757,internal_entity_0757,group_076,7
entity_0758,internal_entity_0758,group_076,8
entity_0759,internal_entity_0759,group_076,9
entity_0760,internal_entity_0760,group_076,10
entity_0761,internal_entity_0761,group_077,1
entity_0762,internal_entity_0762,group_077,2
entity_0763,internal_entity_0763,group_077,3
entity_0764,internal_entity_0764,group_077,4
entity_0765,internal_entity_0765,group_077,5
entity_0766,internal_entity_0766,group_077,6
entity_0767,internal_entity_0767,group_077,7
entity_0768,internal_entity_0768,group_077,8
entity_0769,internal_entity_0769,group_077,9
entity_0770,internal_entity_0770,group_077,10
entity_0771,internal_entity_0771,group_078,1
entity_0772,internal_entity_0772,group_078,2
entity_0773,internal_entity_0773,group_078,3
entity_0774,internal_entity_0774,group_078,4
entity_0775,internal_entity_0775,group_078,5
entity_0776,internal_entity_0776,group_078,6
entity_0777,internal_entity_0777,group_078,7
entity_0778,internal_entity_0778,group_078,8
entity_0779,internal_entity_0779,group_078,9
entity_0780,internal_entity_0780,group_078,10
entity_0781,internal_entity_0781,group_079,1
entity_0782,internal_entity_0782,group_079,2
entity_0783,internal_entity_0783,group_079,3
entity_0784,internal_entity_0784,group_079,4
entity_0785,internal_entity_0785,group_079,5
entity_0786,internal_entity_0786,group_079,6
entity_0787,internal_entity_0787,group_079,7
entity_0788,internal_entity_0788,group_079,8
entity_0789,internal_entity_0789,group_079,9
entity_0790,internal_entity_0790,group_079,10
entity_0791,internal_entity_0791,group_080,1
entity_0792,internal_entity_0792,group_080,2
entity_0793,internal_entity_0793,group_080,3
entity_0794,internal_entity_0794,group_080,4
entity_0795,internal_entity_0795,group_080,5
entity_0796,internal_entity_0796,group_080,6
entity_0797,internal_entity_0797,group_080,7
entity_0798,internal_entity_0798,group_080,8
entity_0799,internal_entity_0799,group_080,9
entity_0800,internal_entity_0800,group_080,10
entity_0801,internal_entity_0801,group_081,1
entity_0802,internal_entity_0802,group_081,2
entity_0803,internal_entity_0803,group_081,3
entity_0804,internal_entity_0804,group_081,4
entity_0805,internal_entity_0805,group_081,5
entity_0806,internal_entity_0806,group_081,6
entity_0807,internal_entity_0807,group_081,7
entity_0808,internal_entity_0808,group_081,8
entity_0809,internal_entity_0809,group_081,9
entity_0810,internal_entity_0810,group_081,10
entity_0811,internal_entity_0811,group_082,1
entity_0812,internal_entity_0812,group_082,2
entity_0813,internal_entity_0813,group_082,3
entity_0814,internal_entity_0814,group_082,4
entity_0815,internal_entity_0815,group_082,5
entity_0816,internal_entity_0816,group_082,6
entity_0817,internal_entity_0817,group_082,7
entity_0818,internal_entity_0818,group_082,8
entity_0819,internal_entity_0819,group_082,9
entity_0820,internal_entity_0820,group_082,10
entity_0821,internal_entity_0821,group_083,1
entity_0822,internal_entity_0822,group_083,2
entity_0823,internal_entity_0823,group_083,3
entity_0824,internal_entity_0824,group_083,4
entity_0825,internal_entity_0825,group_083,5
entity_0826,internal_entity_0826,group_083,6
entity_0827,internal_entity_0827,group_083,7
entity_0828,internal_entity_0828,group_083,8
entity_0829,internal_entity_0829,group_083,9
entity_0830,internal_entity_0830,group_083,10
entity_0831,internal_entity_0831,group_084,1
entity_0832,internal_entity_0832,group_084,2
entity_0833,internal_entity_0833,group_084,3
entity_0834,internal_entity_0834,group_084,4
entity_0835,internal_entity_0835,group_084,5
entity_0836,internal_entity_0836,group_084,6
entity_0837,internal_entity_0837,group_084,7
entity_0838,internal_entity_0838,group_084,8
entity_0839,internal_entity_0839,group_084,9
entity_0840,internal_entity_0840,group_084,10
entity_0841,internal_entity_0841,group_085,1
entity_0842,internal_entity_0842,group_085,2
entity_0843,internal_entity_0843,group_085,3
entity_0844,internal_entity_0844,group_085,4
entity_0845,internal_entity_0845,group_085,5
entity_0846,internal_entity_0846,group_085,6
entity_0847,internal_entity_0847,group_085,7
entity_0848,internal_entity_0848,group_085,8
entity_0849,internal_entity_0849,group_085,9
entity_0850,internal_entity_0850,group_085,10
entity_0851,internal_entity_0851,group_086,1
entity_0852,internal_entity_0852,group_086,2
entity_0853,internal_entity_0853,group_086,3
entity_0854,internal_entity_0854,group_086,4
entity_0855,internal_entity_0855,group_086,5
entity_0856,internal_entity_0856,group_086,6
entity_0857,internal_entity_0857,group_086,7
entity_0858,internal_entity_0858,group_086,8
entity_0859,internal_entity_0859,group_086,9
entity_0860,internal_entity_0860,group_086,10
entity_0861,internal_entity_0861,group_087,1
entity_0862,internal_entity_0862,group_087,2
entity_0863,internal_entity_0863,group_087,3
entity_0864,internal_entity_0864,group_087,4
entity_0865,internal_entity_0865,group_087,5
entity_0866,internal_entity_0866,group_087,6
entity_0867,internal_entity_0867,group_087,7
entity_0868,internal_entity_0868,group_087,8
entity_0869,internal_entity_0869,group_087,9
entity_0870,internal_entity_0870,group_087,10
entity_0871,internal_entity_0871,group_088,1
entity_0872,internal_entity_0872,group_088,2
entity_0873,internal_entity_0873,group_088,3
entity_0874,internal_entity_0874,group_088,4
entity_0875,internal_entity_0875,group_088,5
entity_0876,internal_entity_0876,group_088,6
entity_0877,internal_entity_0877,group_088,7
entity_0878,internal_entity_0878,group_088,8
entity_0879,internal_entity_0879,group_088,9
entity_0880,internal_entity_0880,group_088,10
entity_0881,internal_entity_0881,group_089,1
entity_0882,internal_entity_0882,group_089,2
entity_0883,internal_entity_0883,group_089,3
entity_0884,internal_entity_0884,group_089,4
entity_0885,internal_entity_0885,group_089,5
entity_0886,internal_entity_0886,group_089,6
entity_0887,internal_entity_0887,group_089,7
entity_0888,internal_entity_0888,group_089,8
entity_0889,internal_entity_0889,group_089,9
entity_0890,internal_entity_0890,group_089,10
entity_0891,internal_entity_0891,group_090,1
entity_0892,internal_entity_0892,group_090,2
entity_0893,internal_entity_0893,group_090,3
entity_0894,internal_entity_0894,group_090,4
entity_0895,internal_entity_0895,group_090,5
entity_0896,internal_entity_0896,group_090,6
entity_0897,internal_entity_0897,group_090,7
entity_0898,internal_entity_0898,group_090,8
entity_0899,internal_entity_0899,group_090,9
entity_0900,internal_entity_0900,group_090,10
entity_0901,internal_entity_0901,group_091,1
entity_0902,internal_entity_0902,group_091,2
entity_0903,internal_entity_0903,group_091,3
entity_0904,internal_entity_0904,group_091,4
entity_0905,internal_entity_0905,group_091,5
entity_0906,internal_entity_0906,group_091,6
entity_0907,internal_entity_0907,group_091,7
entity_0908,internal_entity_0908,group_091,8
entity_0909,internal_entity_0909,group_091,9
entity_0910,internal_entity_0910,group_091,10
entity_0911,internal_entity_0911,group_092,1
entity_0912,internal_entity_0912,group_092,2
entity_0913,internal_entity_0913,group_092,3
entity_0914,internal_entity_0914,group_092,4
entity_0915,internal_entity_0915,group_092,5
entity_0916,internal_entity_0916,group_092,6
entity_0917,internal_entity_0917,group_092,7
entity_0918,internal_entity_0918,group_092,8
entity_0919,internal_entity_0919,group_092,9
entity_0920,internal_entity_0920,group_092,10
entity_0921,internal_entity_0921,group_093,1
entity_0922,internal_entity_0922,group_093,2
entity_0923,internal_entity_0923,group_093,3
entity_0924,internal_entity_0924,group_093,4
entity_0925,internal_entity_0925,group_093,5
entity_0926,internal_entity_0926,group_093,6
entity_0927,internal_entity_0927,group_093,7
entity_0928,internal_entity_0928,group_093,8
entity_0929,internal_entity_0929,group_093,9
entity_0930,internal_entity_0930,group_093,10
entity_0931,internal_entity_0931,group_094,1
entity_0932,internal_entity_0932,group_094,2
entity_0933,internal_entity_0933,group_094,3
entity_0934,internal_entity_0934,group_094,4
entity_0935,internal_entity_0935,group_094,5
entity_0936,internal_entity_0936,group_094,6
entity_0937,internal_entity_0937,group_094,7
entity_0938,internal_entity_0938,group_094,8
entity_0939,internal_entity_0939,group_094,9
entity_0940,internal_entity_0940,group_094,10
entity_0941,internal_entity_0941,group_095,1
entity_0942,internal_entity_0942,group_095,2
entity_0943,internal_entity_0943,group_095,3
entity_0944,internal_entity_0944,group_095,4
entity_0945,internal_entity_0945,group_095,5
entity_0946,internal_entity_0946,group_095,6
entity_0947,internal_entity_0947,group_095,7
entity_0948,internal_entity_0948,group_095,8
entity_0949,internal_entity_0949,group_095,9
entity_0950,internal_entity_0950,group_095,10
entity_0951,internal_entity_0951,group_096,1
entity_0952,internal_entity_0952,group_096,2
entity_0953,internal_entity_0953,group_096,3
entity_0954,internal_entity_0954,group_096,4
entity_0955,internal_entity_0955,group_096,5
entity_0956,internal_entity_0956,group_096,6
entity_0957,internal_entity_0957,group_096,7
entity_0958,internal_entity_0958,group_096,8
entity_0959,internal_entity_0959,group_096,9
entity_0960,internal_entity_0960,group_096,10
entity_0961,internal_entity_0961,group_097,1
entity_0962,internal_entity_0962,group_097,2
entity_0963,internal_entity_0963,group_097,3
entity_0964,internal_entity_0964,group_097,4
entity_0965,internal_entity_0965,group_097,5
entity_0966,internal_entity_0966,group_097,6
entity_0967,internal_entity_0967,group_097,7
entity_0968,internal_entity_0968,group_097,8
entity_0969,internal_entity_0969,group_097,9
entity_0970,internal_entity_0970,group_097,10
entity_0971,internal_entity_0971,group_098,1
entity_0972,internal_entity_0972,group_098,2
entity_0973,internal_entity_0973,group_098,3
entity_0974,internal_entity_0974,group_098,4
entity_0975,internal_entity_0975,group_098,5
entity_0976,internal_entity_0976,group_098,6
entity_0977,internal_entity_0977,group_098,7
entity_0978,internal_entity_0978,group_098,8
entity_0979,internal_entity_0979,group_098,9
entity_0980,internal_entity_0980,group_098,10
entity_0981,internal_entity_0981,group_099,1
entity_0982,internal_entity_0982,group_099,2
entity_0983,internal_entity_0983,group_099,3
entity_0984,internal_entity_0984,group_099,4
entity_0985,internal_entity_0985,group_099,5
entity_0986,internal_entity_0986,group_099,6
entity_0987,internal_entity_0987,group_099,7
entity_0988,internal_entity_0988,group_099,8
entity_0989,internal_entity_0989,group_099,9
entity_0990,internal_entity_0990,group_099,10
entity_0991,internal_entity_0991,group_100,1
entity_0992,internal_entity_0992,group_100,2
entity_0993,internal_entity_0993,group_100,3
entity_0994,internal_entity_0994,group_100,4
entity_0995,internal_entity_0995,group_100,5
entity_0996,internal_entity_0996,group_100,6
entity_0997,internal_entity_0997,group_100,7
entity_0998,internal_entity_0998,group_100,8
entity_0999,internal_entity_0999,group_100,9
entity_1000,internal_entity_1000,group_100,10
