entity_id,internal_entity_id
entity_0069,internal_entity_0001
entity_0072,internal_entity_0002
entity_0040,internal_entity_0003
entity_0048,internal_entity_0004
entity_0034,internal_entity_0005
entity_0003,internal_entity_0006
entity_0044,internal_entity_0007
entity_0049,internal_entity_0008
entity_0066,internal_entity_0009
entity_0065,internal_entity_0010
entity_0070,internal_entity_0011
entity_0024,internal_entity_0012
entity_0011,internal_entity_0013
entity_0002,internal_entity_0014
entity_0062,internal_entity_0015
entity_0023,internal_entity_0016
entity_0022,internal_entity_0017
entity_0032,internal_entity_0018
entity_0047,internal_entity_0019
entity_0056,internal_entity_0020
entity_0038,internal_entity_0021
entity_0059,internal_entity_0022
entity_0037,internal_entity_0023
entity_0045,internal_entity_0024
entity_0074,internal_entity_0025
entity_0080,internal_entity_0026
entity_0033,internal_entity_0027
entity_0073,internal_entity_0028
entity_0028,internal_entity_0029
entity_0041,internal_entity_0030
entity_0057,internal_entity_0031
entity_0016,internal_entity_0032
entity_0012,internal_entity_0033
entity_0077,internal_entity_0034
entity_0071,internal_entity_0035
entity_0068,internal_entity_0036
entity_0076,internal_entity_0037
entity_0054,internal_entity_0038
entity_0052,internal_entity_0039
entity_0008,internal_entity_0040
entity_0035,internal_entity_0041
entity_0021,internal_entity_0042
entity_0005,internal_entity_0043
entity_0079,internal_entity_0044
entity_0036,internal_entity_0045
entity_0060,internal_entity_0046
entity_0043,internal_entity_0047
entity_0025,internal_entity_0048
entity_0075,internal_entity_0049
entity_0015,internal_entity_0050
entity_0046,internal_entity_0051
entity_0078,internal_entity_0052
entity_0018,internal_entity_0053
entity_0029,internal_entity_0054
entity_0061,internal_entity_0055
entity_0017,internal_entity_0056
entity_0058,internal_entity_0057
entity_0030,internal_entity_0058
entity_0042,internal_entity_0059
entity_0067,internal_entity_0060
entity_0064,internal_entity_0061
entity_0031,internal_entity_0062
entity_0009,internal_entity_0063
entity_0026,internal_entity_0064
entity_0019,internal_entity_0065
entity_0006,internal_entity_0066
entity_0010,internal_entity_0067
entity_0001,internal_entity_0068
entity_0020,internal_entity_0069
entity_0039,internal_entity_0070
entity_0050,internal_entity_0071
entity_0014,internal_entity_0072
entity_0007,internal_entity_0073
entity_0013,internal_entity_0074
entity_0063,internal_entity_0075
entity_0053,internal_entity_0076
entity_0027,internal_entity_0077
entity_0051,internal_entity_0078
entity_0055,internal_entity_0079
entity_0004,internal_entity_0080
