edge_id,entity_a,entity_b
edge_000001,entity_0002,entity_0027
edge_000002,entity_0002,entity_0042
edge_000003,entity_0002,entity_0043
edge_000004,entity_0002,entity_0060
edge_000005,entity_0002,entity_0074
edge_000006,entity_0003,entity_0059
edge_000007,entity_0006,entity_0001
edge_000008,entity_0006,entity_0013
edge_000009,entity_0006,entity_0051
edge_000010,entity_0008,entity_0001
edge_000011,entity_0008,entity_0004
edge_000012,entity_0008,entity_0053
edge_000013,entity_0010,entity_0063
edge_000014,entity_0011,entity_0001
edge_000015,entity_0011,entity_0036
edge_000016,entity_0011,entity_0064
edge_000017,entity_0011,entity_0080
edge_000018,entity_0012,entity_0013
edge_000019,entity_0012,entity_0031
edge_000020,entity_0012,entity_0036
edge_000021,entity_0012,entity_0067
edge_000022,entity_0015,entity_0009
edge_000023,entity_0015,entity_0026
edge_000024,entity_0016,entity_0020
edge_000025,entity_0016,entity_0060
edge_000026,entity_0016,entity_0063
edge_000027,entity_0017,entity_0058
edge_000028,entity_0019,entity_0004
edge_000029,entity_0019,entity_0014
edge_000030,entity_0020,entity_0013
edge_000031,entity_0021,entity_0014
edge_000032,entity_0021,entity_0029
edge_000033,entity_0021,entity_0058
edge_000034,entity_0021,entity_0064
edge_000035,entity_0021,entity_0078
edge_000036,entity_0022,entity_0009
edge_000037,entity_0022,entity_0010
edge_000038,entity_0022,entity_0017
edge_000039,entity_0023,entity_0001
edge_000040,entity_0023,entity_0021
edge_000041,entity_0023,entity_0025
edge_000042,entity_0023,entity_0038
edge_000043,entity_0023,entity_0046
edge_000044,entity_0023,entity_0057
edge_000045,entity_0023,entity_0061
edge_000046,entity_0024,entity_0010
edge_000047,entity_0024,entity_0050
edge_000048,entity_0024,entity_0057
edge_000049,entity_0024,entity_0058
edge_000050,entity_0025,entity_0078
edge_000051,entity_0028,entity_0014
edge_000052,entity_0028,entity_0052
edge_000053,entity_0029,entity_0064
edge_000054,entity_0031,entity_0019
edge_000055,entity_0032,entity_0020
edge_000056,entity_0032,entity_0059
edge_000057,entity_0033,entity_0043
edge_000058,entity_0033,entity_0051
edge_000059,entity_0033,entity_0071
edge_000060,entity_0034,entity_0037
edge_000061,entity_0034,entity_0065
edge_000062,entity_0034,entity_0068
edge_000063,entity_0034,entity_0078
edge_000064,entity_0035,entity_0004
edge_000065,entity_0035,entity_0015
edge_000066,entity_0035,entity_0021
edge_000067,entity_0035,entity_0042
edge_000068,entity_0036,entity_0010
edge_000069,entity_0036,entity_0013
edge_000070,entity_0036,entity_0078
edge_000071,entity_0037,entity_0026
edge_000072,entity_0038,entity_0018
edge_000073,entity_0038,entity_0064
edge_000074,entity_0038,entity_0079
edge_000075,entity_0039,entity_0014
edge_000076,entity_0040,entity_0019
edge_000077,entity_0040,entity_0034
edge_000078,entity_0040,entity_0041
edge_000079,entity_0040,entity_0044
edge_000080,entity_0040,entity_0046
edge_000081,entity_0041,entity_0009
edge_000082,entity_0041,entity_0026
edge_000083,entity_0042,entity_0039
edge_000084,entity_0042,entity_0051
edge_000085,entity_0044,entity_0037
edge_000086,entity_0044,entity_0066
edge_000087,entity_0044,entity_0071
edge_000088,entity_0045,entity_0017
edge_000089,entity_0045,entity_0033
edge_000090,entity_0046,entity_0039
edge_000091,entity_0048,entity_0020
edge_000092,entity_0048,entity_0063
edge_000093,entity_0048,entity_0074
edge_000094,entity_0049,entity_0001
edge_000095,entity_0049,entity_0008
edge_000096,entity_0049,entity_0053
edge_000097,entity_0049,entity_0078
edge_000098,entity_0052,entity_0008
edge_000099,entity_0052,entity_0009
edge_000100,entity_0052,entity_0027
edge_000101,entity_0054,entity_0029
edge_000102,entity_0056,entity_0001
edge_000103,entity_0056,entity_0007
edge_000104,entity_0056,entity_0041
edge_000105,entity_0057,entity_0020
edge_000106,entity_0057,entity_0068
edge_000107,entity_0057,entity_0076
edge_000108,entity_0058,entity_0039
edge_000109,entity_0059,entity_0008
edge_000110,entity_0060,entity_0020
edge_000111,entity_0060,entity_0050
edge_000112,entity_0060,entity_0058
edge_000113,entity_0062,entity_0004
edge_000114,entity_0062,entity_0026
edge_000115,entity_0062,entity_0043
edge_000116,entity_0065,entity_0015
edge_000117,entity_0065,entity_0016
edge_000118,entity_0065,entity_0018
edge_000119,entity_0065,entity_0061
edge_000120,entity_0065,entity_0071
edge_000121,entity_0065,entity_0076
edge_000122,entity_0066,entity_0036
edge_000123,entity_0066,entity_0039
edge_000124,entity_0067,entity_0031
edge_000125,entity_0067,entity_0063
edge_000126,entity_0068,entity_0035
edge_000127,entity_0068,entity_0050
edge_000128,entity_0068,entity_0061
edge_000129,entity_0069,entity_0008
edge_000130,entity_0069,entity_0010
edge_000131,entity_0069,entity_0039
edge_000132,entity_0070,entity_0002
edge_000133,entity_0070,entity_0017
edge_000134,entity_0070,entity_0039
edge_000135,entity_0070,entity_0054
edge_000136,entity_0070,entity_0078
edge_000137,entity_0070,entity_0079
edge_000138,entity_0071,entity_0020
edge_000139,entity_0071,entity_0046
edge_000140,entity_0071,entity_0067
edge_000141,entity_0072,entity_0024
edge_000142,entity_0072,entity_0037
edge_000143,entity_0072,entity_0043
edge_000144,entity_0072,entity_0046
edge_000145,entity_0073,entity_0006
edge_000146,entity_0073,entity_0077
edge_000147,entity_0075,entity_0031
edge_000148,entity_0076,entity_0009
edge_000149,entity_0077,entity_0008
edge_000150,entity_0077,entity_0078
edge_000151,entity_0077,entity_0079
edge_000152,entity_0078,entity_0004
edge_000153,entity_0079,entity_0031
edge_000154,entity_0079,entity_0046
edge_000155,entity_0079,entity_0055
edge_000156,entity_0079,entity_0063
edge_000157,entity_0080,entity_0017
edge_000158,entity_0080,entity_0021
edge_000159,entity_0080,entity_0029
edge_000160,entity_0080,entity_0050
