run_idx,query_id,row_index,entity_1,entity_2,true_label,predicted_label,is_valid_prediction,is_correct,parse_error,elapsed_s_for_batch
0,0,17079,entity_0944,entity_0997,1,0.0,True,False,,8.409728802740574
0,1,2591,entity_0720,entity_0033,0,1.0,True,False,,8.409728802740574
0,2,10935,entity_0006,entity_0444,1,0.0,True,False,,8.409728802740574
0,3,10549,entity_0087,entity_0015,1,0.0,True,False,,8.409728802740574
0,4,5299,entity_0376,entity_0834,1,0.0,True,False,,8.409728802740574
0,5,16011,entity_0953,entity_0672,0,0.0,True,True,,8.409728802740574
0,6,1769,entity_0903,entity_0579,0,0.0,True,True,,8.409728802740574
0,7,5477,entity_0389,entity_0755,1,0.0,True,False,,8.409728802740574
0,8,12227,entity_0881,entity_0781,0,0.0,True,True,,8.409728802740574
0,9,11253,entity_0211,entity_0358,0,0.0,True,True,,8.409728802740574
0,10,4325,entity_0941,entity_0958,1,0.0,True,False,,8.409728802740574
0,11,15725,entity_0196,entity_0643,1,0.0,True,False,,8.409728802740574
0,12,10673,entity_0586,entity_0152,0,0.0,True,True,,8.409728802740574
0,13,15923,entity_0669,entity_0701,1,0.0,True,False,,8.409728802740574
0,14,701,entity_0650,entity_0919,0,0.0,True,True,,8.409728802740574
0,15,1123,entity_0721,entity_0161,1,1.0,True,True,,8.409728802740574
0,16,439,entity_0372,entity_0594,1,0.0,True,False,,8.409728802740574
0,17,10699,entity_0075,entity_0834,0,0.0,True,True,,8.409728802740574
0,18,7029,entity_0196,entity_0973,0,0.0,True,True,,8.409728802740574
0,19,7225,entity_0426,entity_0529,1,0.0,True,False,,8.409728802740574
0,20,12525,entity_0043,entity_0636,1,0.0,True,False,,8.409728802740574
0,21,1131,entity_0921,entity_0560,0,0.0,True,True,,8.409728802740574
0,22,11895,entity_0723,entity_0285,1,0.0,True,False,,8.409728802740574
0,23,8757,entity_0337,entity_0270,0,0.0,True,True,,8.409728802740574
0,24,13151,entity_0672,entity_0746,0,0.0,True,True,,8.409728802740574
0,25,16175,entity_0794,entity_0306,0,1.0,True,False,,8.409728802740574
0,26,12003,entity_0200,entity_0778,0,0.0,True,True,,8.409728802740574
0,27,14709,entity_0285,entity_0898,0,0.0,True,True,,8.409728802740574
0,28,639,entity_0895,entity_0220,1,0.0,True,False,,8.409728802740574
0,29,4495,entity_0202,entity_0147,0,1.0,True,False,,8.409728802740574
0,30,43,entity_0187,entity_0022,1,0.0,True,False,,8.409728802740574
0,31,16557,entity_0829,entity_0004,0,0.0,True,True,,8.409728802740574
0,32,8361,entity_0621,entity_0785,1,0.0,True,False,,8.409728802740574
0,33,11743,entity_0825,entity_0652,1,1.0,True,True,,8.409728802740574
0,34,2731,entity_0010,entity_0180,1,0.0,True,False,,8.409728802740574
0,35,5449,entity_0982,entity_0970,1,0.0,True,False,,8.409728802740574
0,36,211,entity_0602,entity_0982,0,0.0,True,True,,8.409728802740574
0,37,2955,entity_0717,entity_0643,1,0.0,True,False,,8.409728802740574
0,38,6521,entity_0282,entity_0512,1,0.0,True,False,,8.409728802740574
0,39,11289,entity_0428,entity_0615,0,0.0,True,True,,8.409728802740574
0,40,13781,entity_0389,entity_0003,1,0.0,True,False,,8.409728802740574
0,41,17217,entity_0563,entity_0087,0,0.0,True,True,,8.409728802740574
0,42,15803,entity_0788,entity_0568,0,0.0,True,True,,8.409728802740574
0,43,5491,entity_0953,entity_0291,1,0.0,True,False,,8.409728802740574
0,44,12295,entity_0848,entity_0120,0,0.0,True,True,,8.409728802740574
0,45,15653,entity_0704,entity_0133,0,0.0,True,True,,8.409728802740574
0,46,2167,entity_0625,entity_0687,1,0.0,True,False,,8.409728802740574
0,47,7553,entity_0059,entity_0482,0,0.0,True,True,,8.409728802740574
0,48,8309,entity_0215,entity_0330,1,0.0,True,False,,8.409728802740574
0,49,7809,entity_0837,entity_0178,0,0.0,True,True,,8.409728802740574
0,50,3369,entity_0220,entity_0463,1,0.0,True,False,,8.409728802740574
0,51,1349,entity_0465,entity_0192,0,0.0,True,True,,8.409728802740574
0,52,11451,entity_0486,entity_0243,0,0.0,True,True,,8.409728802740574
0,53,14279,entity_0219,entity_0565,1,0.0,True,False,,8.409728802740574
0,54,14131,entity_0948,entity_0227,1,0.0,True,False,,8.409728802740574
0,55,17839,entity_0766,entity_0758,1,0.0,True,False,,8.409728802740574
0,56,2147,entity_0138,entity_0900,0,0.0,True,True,,8.409728802740574
0,57,4135,entity_0291,entity_0608,0,0.0,True,True,,8.409728802740574
0,58,15701,entity_0571,entity_0682,0,0.0,True,True,,8.409728802740574
0,59,15459,entity_0232,entity_0347,1,0.0,True,False,,8.409728802740574
0,60,9955,entity_0316,entity_0114,0,0.0,True,True,,8.409728802740574
0,61,3003,entity_0339,entity_0198,1,0.0,True,False,,8.409728802740574
0,62,5177,entity_0589,entity_0832,0,0.0,True,True,,8.409728802740574
0,63,7199,entity_0620,entity_0448,1,0.0,True,False,,8.409728802740574
1,0,47,entity_0203,entity_0809,1,0.0,True,False,,7.174265978857875
1,1,6809,entity_0341,entity_0799,0,1.0,True,False,,7.174265978857875
1,2,3487,entity_0173,entity_0835,1,0.0,True,False,,7.174265978857875
1,3,14211,entity_0218,entity_0938,0,0.0,True,True,,7.174265978857875
1,4,9071,entity_0845,entity_0894,0,0.0,True,True,,7.174265978857875
1,5,15897,entity_0403,entity_0376,1,0.0,True,False,,7.174265978857875
1,6,5197,entity_0469,entity_0960,1,0.0,True,False,,7.174265978857875
1,7,9759,entity_0981,entity_0563,0,0.0,True,True,,7.174265978857875
1,8,13545,entity_0787,entity_0667,1,0.0,True,False,,7.174265978857875
1,9,10253,entity_0300,entity_0432,1,0.0,True,False,,7.174265978857875
1,10,16963,entity_0115,entity_0894,0,0.0,True,True,,7.174265978857875
1,11,3757,entity_0466,entity_0163,0,0.0,True,True,,7.174265978857875
1,12,7983,entity_0158,entity_0758,0,0.0,True,True,,7.174265978857875
1,13,15405,entity_0116,entity_0471,0,0.0,True,True,,7.174265978857875
1,14,16557,entity_0829,entity_0004,0,0.0,True,True,,7.174265978857875
1,15,3429,entity_0612,entity_0403,0,0.0,True,True,,7.174265978857875
1,16,10605,entity_0920,entity_0094,1,0.0,True,False,,7.174265978857875
1,17,11879,entity_0131,entity_0041,1,0.0,True,False,,7.174265978857875
1,18,765,entity_0744,entity_0953,1,0.0,True,False,,7.174265978857875
1,19,7617,entity_0681,entity_0454,1,0.0,True,False,,7.174265978857875
1,20,13133,entity_0288,entity_0688,0,0.0,True,True,,7.174265978857875
1,21,16077,entity_0475,entity_0735,1,0.0,True,False,,7.174265978857875
1,22,7739,entity_0032,entity_0462,1,0.0,True,False,,7.174265978857875
1,23,4443,entity_0995,entity_0353,1,0.0,True,False,,7.174265978857875
1,24,3687,entity_0514,entity_0644,1,0.0,True,False,,7.174265978857875
1,25,5385,entity_0586,entity_0934,0,0.0,True,True,,7.174265978857875
1,26,12725,entity_0823,entity_0778,1,0.0,True,False,,7.174265978857875
1,27,17323,entity_0866,entity_0016,1,0.0,True,False,,7.174265978857875
1,28,1615,entity_0268,entity_0987,0,0.0,True,True,,7.174265978857875
1,29,13459,entity_0223,entity_0459,1,0.0,True,False,,7.174265978857875
1,30,14735,entity_0007,entity_0853,1,0.0,True,False,,7.174265978857875
1,31,4839,entity_0566,entity_0696,0,0.0,True,True,,7.174265978857875
1,32,11627,entity_0609,entity_0243,1,0.0,True,False,,7.174265978857875
1,33,13121,entity_0232,entity_0003,0,0.0,True,True,,7.174265978857875
1,34,13911,entity_0103,entity_0506,0,0.0,True,True,,7.174265978857875
1,35,3031,entity_0383,entity_0569,0,0.0,True,True,,7.174265978857875
1,36,17811,entity_0317,entity_0971,0,0.0,True,True,,7.174265978857875
1,37,8089,entity_0734,entity_0801,0,0.0,True,True,,7.174265978857875
1,38,16259,entity_0961,entity_0010,0,0.0,True,True,,7.174265978857875
1,39,14073,entity_0220,entity_0640,1,1.0,True,True,,7.174265978857875
1,40,761,entity_0188,entity_0952,0,0.0,True,True,,7.174265978857875
1,41,12595,entity_0449,entity_0950,1,0.0,True,False,,7.174265978857875
1,42,10861,entity_0895,entity_0576,0,0.0,True,True,,7.174265978857875
1,43,861,entity_0849,entity_0085,0,0.0,True,True,,7.174265978857875
1,44,16903,entity_0537,entity_0239,1,0.0,True,False,,7.174265978857875
1,45,3051,entity_0740,entity_0468,1,1.0,True,True,,7.174265978857875
1,46,5737,entity_0518,entity_0970,0,0.0,True,True,,7.174265978857875
1,47,13869,entity_0978,entity_0123,1,0.0,True,False,,7.174265978857875
1,48,3761,entity_0279,entity_0789,0,0.0,True,True,,7.174265978857875
1,49,17359,entity_0670,entity_0964,1,0.0,True,False,,7.174265978857875
1,50,12205,entity_0454,entity_0642,1,0.0,True,False,,7.174265978857875
1,51,2579,entity_0856,entity_0259,0,0.0,True,True,,7.174265978857875
1,52,16225,entity_0289,entity_0526,1,0.0,True,False,,7.174265978857875
1,53,3863,entity_0502,entity_0221,0,0.0,True,True,,7.174265978857875
1,54,11603,entity_0527,entity_0282,1,1.0,True,True,,7.174265978857875
1,55,3697,entity_0551,entity_0652,0,0.0,True,True,,7.174265978857875
1,56,8927,entity_0981,entity_0329,0,0.0,True,True,,7.174265978857875
1,57,4107,entity_0534,entity_0881,0,0.0,True,True,,7.174265978857875
1,58,2267,entity_0775,entity_0323,0,0.0,True,True,,7.174265978857875
1,59,6279,entity_0493,entity_0793,1,0.0,True,False,,7.174265978857875
1,60,2515,entity_0962,entity_0479,1,0.0,True,False,,7.174265978857875
1,61,12271,entity_0233,entity_0757,0,0.0,True,True,,7.174265978857875
1,62,2951,entity_0776,entity_0235,1,0.0,True,False,,7.174265978857875
1,63,1887,entity_0986,entity_0602,1,,False,False,,7.174265978857875
2,0,11123,entity_0236,entity_0783,1,0.0,True,False,,7.2651819894090295
2,1,4755,entity_0080,entity_0017,0,1.0,True,False,,7.2651819894090295
2,2,3873,entity_0528,entity_0774,1,0.0,True,False,,7.2651819894090295
2,3,13177,entity_0255,entity_0621,0,0.0,True,True,,7.2651819894090295
2,4,6733,entity_0329,entity_0567,1,0.0,True,False,,7.2651819894090295
2,5,1933,entity_0699,entity_0580,0,1.0,True,False,,7.2651819894090295
2,6,11051,entity_0167,entity_0333,1,0.0,True,False,,7.2651819894090295
2,7,14807,entity_0531,entity_0564,0,0.0,True,True,,7.2651819894090295
2,8,4907,entity_0602,entity_0990,1,0.0,True,False,,7.2651819894090295
2,9,1983,entity_0972,entity_0913,1,0.0,True,False,,7.2651819894090295
2,10,2317,entity_0881,entity_0020,0,0.0,True,True,,7.2651819894090295
2,11,16049,entity_0518,entity_0894,1,0.0,True,False,,7.2651819894090295
2,12,6435,entity_0582,entity_0286,0,0.0,True,True,,7.2651819894090295
2,13,10033,entity_0467,entity_0243,0,0.0,True,True,,7.2651819894090295
2,14,3055,entity_0669,entity_0923,1,0.0,True,False,,7.2651819894090295
2,15,12841,entity_0184,entity_0207,0,0.0,True,True,,7.2651819894090295
2,16,16873,entity_0627,entity_0277,0,0.0,True,True,,7.2651819894090295
2,17,10037,entity_0474,entity_0373,0,0.0,True,True,,7.2651819894090295
2,18,11775,entity_0102,entity_0203,0,0.0,True,True,,7.2651819894090295
2,19,17425,entity_0361,entity_0311,1,1.0,True,True,,7.2651819894090295
2,20,3065,entity_0575,entity_0812,1,0.0,True,False,,7.2651819894090295
2,21,4019,entity_0182,entity_0133,1,0.0,True,False,,7.2651819894090295
2,22,13385,entity_0900,entity_0755,0,0.0,True,True,,7.2651819894090295
2,23,16721,entity_0795,entity_0664,0,0.0,True,True,,7.2651819894090295
2,24,16131,entity_0786,entity_0150,0,0.0,True,True,,7.2651819894090295
2,25,7153,entity_0947,entity_0294,1,0.0,True,False,,7.2651819894090295
2,26,13507,entity_0933,entity_0569,0,0.0,True,True,,7.2651819894090295
2,27,5561,entity_0450,entity_0161,0,0.0,True,True,,7.2651819894090295
2,28,14031,entity_0689,entity_0744,0,0.0,True,True,,7.2651819894090295
2,29,14481,entity_0764,entity_0981,1,0.0,True,False,,7.2651819894090295
2,30,11983,entity_0695,entity_0356,0,0.0,True,True,,7.2651819894090295
2,31,6505,entity_0222,entity_0061,1,0.0,True,False,,7.2651819894090295
2,32,275,entity_0974,entity_0399,1,0.0,True,False,,7.2651819894090295
2,33,19,entity_0051,entity_0241,0,0.0,True,True,,7.2651819894090295
2,34,7943,entity_0987,entity_0891,1,0.0,True,False,,7.2651819894090295
2,35,10815,entity_0240,entity_0795,1,0.0,True,False,,7.2651819894090295
2,36,5923,entity_0059,entity_0410,1,0.0,True,False,,7.2651819894090295
2,37,6847,entity_0332,entity_0608,0,0.0,True,True,,7.2651819894090295
2,38,4215,entity_0763,entity_0705,0,1.0,True,False,,7.2651819894090295
2,39,1445,entity_0631,entity_0604,0,0.0,True,True,,7.2651819894090295
2,40,4119,entity_0539,entity_0279,1,0.0,True,False,,7.2651819894090295
2,41,10361,entity_0030,entity_0957,1,0.0,True,False,,7.2651819894090295
2,42,4705,entity_0152,entity_0031,1,0.0,True,False,,7.2651819894090295
2,43,1129,entity_0731,entity_0209,0,0.0,True,True,,7.2651819894090295
2,44,12081,entity_0504,entity_0662,0,0.0,True,True,,7.2651819894090295
2,45,11343,entity_0048,entity_0931,0,0.0,True,True,,7.2651819894090295
2,46,9935,entity_0826,entity_0716,0,0.0,True,True,,7.2651819894090295
2,47,14191,entity_0503,entity_0562,1,0.0,True,False,,7.2651819894090295
2,48,5935,entity_0111,entity_0267,1,0.0,True,False,,7.2651819894090295
2,49,4617,entity_0997,entity_0141,0,0.0,True,True,,7.2651819894090295
2,50,9133,entity_0479,entity_0853,1,0.0,True,False,,7.2651819894090295
2,51,15169,entity_0861,entity_0777,0,0.0,True,True,,7.2651819894090295
2,52,6119,entity_0120,entity_0333,1,0.0,True,False,,7.2651819894090295
2,53,1339,entity_0291,entity_0406,0,0.0,True,True,,7.2651819894090295
2,54,15481,entity_0107,entity_0580,1,0.0,True,False,,7.2651819894090295
2,55,1111,entity_0797,entity_0707,1,0.0,True,False,,7.2651819894090295
2,56,3351,entity_0633,entity_0036,1,0.0,True,False,,7.2651819894090295
2,57,10707,entity_0911,entity_0166,0,0.0,True,True,,7.2651819894090295
2,58,13319,entity_0511,entity_0342,0,0.0,True,True,,7.2651819894090295
2,59,10039,entity_0046,entity_0080,1,0.0,True,False,,7.2651819894090295
2,60,15155,entity_0541,entity_0289,0,1.0,True,False,,7.2651819894090295
2,61,1733,entity_0171,entity_0217,1,0.0,True,False,,7.2651819894090295
2,62,6889,entity_0075,entity_0611,1,0.0,True,False,,7.2651819894090295
2,63,7935,entity_0755,entity_0784,1,0.0,True,False,,7.2651819894090295
3,0,15303,entity_0449,entity_0849,0,0.0,True,True,,7.293901353143156
3,1,9417,entity_0291,entity_0112,1,1.0,True,True,,7.293901353143156
3,2,15565,entity_0433,entity_0034,1,0.0,True,False,,7.293901353143156
3,3,17741,entity_0418,entity_0599,1,1.0,True,True,,7.293901353143156
3,4,9297,entity_0816,entity_0807,1,0.0,True,False,,7.293901353143156
3,5,9979,entity_0905,entity_0381,1,0.0,True,False,,7.293901353143156
3,6,5661,entity_0038,entity_0977,0,0.0,True,True,,7.293901353143156
3,7,6341,entity_0689,entity_0580,1,0.0,True,False,,7.293901353143156
3,8,15261,entity_0413,entity_0931,0,0.0,True,True,,7.293901353143156
3,9,3223,entity_0073,entity_0105,1,0.0,True,False,,7.293901353143156
3,10,1401,entity_0177,entity_0663,0,0.0,True,True,,7.293901353143156
3,11,13193,entity_0178,entity_0891,1,0.0,True,False,,7.293901353143156
3,12,13787,entity_0227,entity_0873,1,0.0,True,False,,7.293901353143156
3,13,2481,entity_0437,entity_0690,1,0.0,True,False,,7.293901353143156
3,14,9133,entity_0479,entity_0853,1,1.0,True,True,,7.293901353143156
3,15,7919,entity_0598,entity_0463,0,0.0,True,True,,7.293901353143156
3,16,16203,entity_0865,entity_0741,0,0.0,True,True,,7.293901353143156
3,17,7625,entity_0247,entity_0711,0,0.0,True,True,,7.293901353143156
3,18,7595,entity_0280,entity_0412,0,0.0,True,True,,7.293901353143156
3,19,6553,entity_0810,entity_0652,1,1.0,True,True,,7.293901353143156
3,20,13173,entity_0380,entity_0871,1,0.0,True,False,,7.293901353143156
3,21,17969,entity_0043,entity_0594,0,1.0,True,False,,7.293901353143156
3,22,4597,entity_0392,entity_0172,1,0.0,True,False,,7.293901353143156
3,23,5669,entity_0165,entity_0642,0,0.0,True,True,,7.293901353143156
3,24,2905,entity_0904,entity_0239,0,0.0,True,True,,7.293901353143156
3,25,8103,entity_0553,entity_0572,1,0.0,True,False,,7.293901353143156
3,26,67,entity_0883,entity_0473,1,0.0,True,False,,7.293901353143156
3,27,10261,entity_0953,entity_0789,0,0.0,True,True,,7.293901353143156
3,28,9585,entity_0275,entity_0491,0,1.0,True,False,,7.293901353143156
3,29,2719,entity_0417,entity_0882,1,0.0,True,False,,7.293901353143156
3,30,11535,entity_0362,entity_0478,0,0.0,True,True,,7.293901353143156
3,31,13017,entity_0384,entity_0293,1,0.0,True,False,,7.293901353143156
3,32,3895,entity_0299,entity_0959,0,0.0,True,True,,7.293901353143156
3,33,11323,entity_0345,entity_0671,0,0.0,True,True,,7.293901353143156
3,34,14949,entity_0604,entity_0228,1,0.0,True,False,,7.293901353143156
3,35,6709,entity_0695,entity_0016,0,0.0,True,True,,7.293901353143156
3,36,9435,entity_0474,entity_0177,1,0.0,True,False,,7.293901353143156
3,37,1049,entity_0504,entity_0359,1,0.0,True,False,,7.293901353143156
3,38,10127,entity_0942,entity_0313,1,0.0,True,False,,7.293901353143156
3,39,12297,entity_0293,entity_0649,1,0.0,True,False,,7.293901353143156
3,40,14749,entity_0723,entity_0491,0,1.0,True,False,,7.293901353143156
3,41,7753,entity_0256,entity_0611,0,0.0,True,True,,7.293901353143156
3,42,17933,entity_0364,entity_0588,0,0.0,True,True,,7.293901353143156
3,43,15089,entity_0199,entity_0968,0,0.0,True,True,,7.293901353143156
3,44,14289,entity_0134,entity_0311,1,0.0,True,False,,7.293901353143156
3,45,10761,entity_0052,entity_0744,1,0.0,True,False,,7.293901353143156
3,46,12127,entity_0262,entity_0913,1,0.0,True,False,,7.293901353143156
3,47,1009,entity_0665,entity_0286,1,0.0,True,False,,7.293901353143156
3,48,4091,entity_0069,entity_0156,0,0.0,True,True,,7.293901353143156
3,49,2111,entity_0576,entity_0759,0,0.0,True,True,,7.293901353143156
3,50,8045,entity_0264,entity_0648,0,0.0,True,True,,7.293901353143156
3,51,3913,entity_0166,entity_0225,1,0.0,True,False,,7.293901353143156
3,52,10863,entity_0508,entity_0254,0,0.0,True,True,,7.293901353143156
3,53,10007,entity_0604,entity_0904,1,0.0,True,False,,7.293901353143156
3,54,8009,entity_0037,entity_0668,0,0.0,True,True,,7.293901353143156
3,55,13155,entity_0647,entity_0767,1,0.0,True,False,,7.293901353143156
3,56,11593,entity_0032,entity_0432,0,0.0,True,True,,7.293901353143156
3,57,6389,entity_0491,entity_0524,1,0.0,True,False,,7.293901353143156
3,58,12521,entity_0887,entity_0561,1,0.0,True,False,,7.293901353143156
3,59,11671,entity_0824,entity_0266,0,0.0,True,True,,7.293901353143156
3,60,16773,entity_0923,entity_0380,0,0.0,True,True,,7.293901353143156
3,61,11361,entity_0714,entity_0095,0,0.0,True,True,,7.293901353143156
3,62,31,entity_0768,entity_0850,0,0.0,True,True,,7.293901353143156
3,63,4279,entity_0105,entity_0326,0,0.0,True,True,,7.293901353143156
4,0,563,entity_0170,entity_0923,0,0.0,True,True,,7.28236934915185
4,1,13319,entity_0511,entity_0342,0,1.0,True,False,,7.28236934915185
4,2,4595,entity_0174,entity_0443,1,0.0,True,False,,7.28236934915185
4,3,17527,entity_0147,entity_0110,1,0.0,True,False,,7.28236934915185
4,4,13877,entity_0272,entity_0957,1,0.0,True,False,,7.28236934915185
4,5,10743,entity_0355,entity_0595,1,0.0,True,False,,7.28236934915185
4,6,143,entity_0355,entity_0780,1,1.0,True,True,,7.28236934915185
4,7,14889,entity_0447,entity_0595,1,0.0,True,False,,7.28236934915185
4,8,8667,entity_0474,entity_0590,1,0.0,True,False,,7.28236934915185
4,9,10517,entity_0864,entity_0922,1,0.0,True,False,,7.28236934915185
4,10,11057,entity_0383,entity_0071,0,0.0,True,True,,7.28236934915185
4,11,12287,entity_0784,entity_0858,0,1.0,True,False,,7.28236934915185
4,12,3405,entity_0054,entity_0377,0,0.0,True,True,,7.28236934915185
4,13,8193,entity_0156,entity_0928,1,0.0,True,False,,7.28236934915185
4,14,14651,entity_0312,entity_0634,1,0.0,True,False,,7.28236934915185
4,15,3749,entity_0661,entity_0569,0,1.0,True,False,,7.28236934915185
4,16,14621,entity_0686,entity_0254,0,0.0,True,True,,7.28236934915185
4,17,3783,entity_0724,entity_0060,1,0.0,True,False,,7.28236934915185
4,18,6521,entity_0282,entity_0512,1,0.0,True,False,,7.28236934915185
4,19,5501,entity_0976,entity_0207,1,0.0,True,False,,7.28236934915185
4,20,14359,entity_0045,entity_0377,1,0.0,True,False,,7.28236934915185
4,21,10347,entity_0331,entity_0028,0,0.0,True,True,,7.28236934915185
4,22,5275,entity_0801,entity_0315,0,0.0,True,True,,7.28236934915185
4,23,5285,entity_0346,entity_0718,0,0.0,True,True,,7.28236934915185
4,24,3251,entity_0772,entity_0641,1,0.0,True,False,,7.28236934915185
4,25,14885,entity_0393,entity_0897,0,0.0,True,True,,7.28236934915185
4,26,17703,entity_0707,entity_0635,0,0.0,True,True,,7.28236934915185
4,27,10253,entity_0300,entity_0432,1,0.0,True,False,,7.28236934915185
4,28,1339,entity_0291,entity_0406,0,0.0,True,True,,7.28236934915185
4,29,5551,entity_0659,entity_0279,1,0.0,True,False,,7.28236934915185
4,30,16933,entity_0891,entity_0098,0,0.0,True,True,,7.28236934915185
4,31,10133,entity_0874,entity_0558,0,0.0,True,True,,7.28236934915185
4,32,13191,entity_0961,entity_0432,1,0.0,True,False,,7.28236934915185
4,33,6999,entity_0211,entity_0418,1,0.0,True,False,,7.28236934915185
4,34,8409,entity_0183,entity_0937,0,0.0,True,True,,7.28236934915185
4,35,2703,entity_0677,entity_0513,1,0.0,True,False,,7.28236934915185
4,36,13199,entity_0941,entity_0145,0,0.0,True,True,,7.28236934915185
4,37,531,entity_0030,entity_0017,1,0.0,True,False,,7.28236934915185
4,38,9227,entity_0690,entity_0047,1,1.0,True,True,,7.28236934915185
4,39,2541,entity_0979,entity_0655,0,0.0,True,True,,7.28236934915185
4,40,8055,entity_0200,entity_0325,0,0.0,True,True,,7.28236934915185
4,41,6345,entity_0544,entity_0632,0,0.0,True,True,,7.28236934915185
4,42,15303,entity_0449,entity_0849,0,0.0,True,True,,7.28236934915185
4,43,13207,entity_0713,entity_0982,1,0.0,True,False,,7.28236934915185
4,44,14811,entity_0756,entity_0346,0,0.0,True,True,,7.28236934915185
4,45,8021,entity_0481,entity_0391,0,0.0,True,True,,7.28236934915185
4,46,10991,entity_0105,entity_0080,1,1.0,True,True,,7.28236934915185
4,47,4221,entity_0723,entity_0777,1,0.0,True,False,,7.28236934915185
4,48,2225,entity_0648,entity_0779,0,0.0,True,True,,7.28236934915185
4,49,12285,entity_0147,entity_0142,1,0.0,True,False,,7.28236934915185
4,50,9405,entity_0385,entity_0111,1,0.0,True,False,,7.28236934915185
4,51,16523,entity_0886,entity_0152,1,0.0,True,False,,7.28236934915185
4,52,7761,entity_0060,entity_0121,0,0.0,True,True,,7.28236934915185
4,53,6939,entity_0656,entity_0142,1,0.0,True,False,,7.28236934915185
4,54,11773,entity_0073,entity_0080,1,1.0,True,True,,7.28236934915185
4,55,6689,entity_0382,entity_0976,1,0.0,True,False,,7.28236934915185
4,56,2089,entity_0657,entity_0622,1,0.0,True,False,,7.28236934915185
4,57,13169,entity_0072,entity_0466,0,0.0,True,True,,7.28236934915185
4,58,243,entity_0860,entity_0015,0,0.0,True,True,,7.28236934915185
4,59,4923,entity_0297,entity_0641,0,0.0,True,True,,7.28236934915185
4,60,3557,entity_0184,entity_0452,0,0.0,True,True,,7.28236934915185
4,61,5587,entity_0193,entity_0812,0,0.0,True,True,,7.28236934915185
4,62,2171,entity_0970,entity_0677,0,0.0,True,True,,7.28236934915185
4,63,14647,entity_0047,entity_0182,0,0.0,True,True,,7.28236934915185
5,0,8397,entity_0763,entity_0422,0,0.0,True,True,,7.299777421168983
5,1,14335,entity_0844,entity_0399,1,1.0,True,True,,7.299777421168983
5,2,14759,entity_0665,entity_0723,1,0.0,True,False,,7.299777421168983
5,3,12965,entity_0545,entity_0130,0,0.0,True,True,,7.299777421168983
5,4,9555,entity_0748,entity_0423,1,0.0,True,False,,7.299777421168983
5,5,9065,entity_0840,entity_0374,0,0.0,True,True,,7.299777421168983
5,6,16333,entity_0470,entity_0434,1,1.0,True,True,,7.299777421168983
5,7,5913,entity_0813,entity_0298,1,0.0,True,False,,7.299777421168983
5,8,1461,entity_0488,entity_0351,0,0.0,True,True,,7.299777421168983
5,9,7829,entity_0225,entity_0759,0,0.0,True,True,,7.299777421168983
5,10,89,entity_0406,entity_0845,1,1.0,True,True,,7.299777421168983
5,11,16413,entity_0798,entity_0332,1,0.0,True,False,,7.299777421168983
5,12,3541,entity_0539,entity_0742,1,0.0,True,False,,7.299777421168983
5,13,14617,entity_0677,entity_0701,0,0.0,True,True,,7.299777421168983
5,14,5199,entity_0937,entity_0453,0,0.0,True,True,,7.299777421168983
5,15,3707,entity_0626,entity_0977,0,0.0,True,True,,7.299777421168983
5,16,5345,entity_0518,entity_0162,0,0.0,True,True,,7.299777421168983
5,17,11375,entity_0583,entity_0255,0,0.0,True,True,,7.299777421168983
5,18,5993,entity_0909,entity_0671,0,0.0,True,True,,7.299777421168983
5,19,17685,entity_0063,entity_0290,1,0.0,True,False,,7.299777421168983
5,20,9963,entity_0324,entity_0845,0,1.0,True,False,,7.299777421168983
5,21,5207,entity_0588,entity_0449,1,0.0,True,False,,7.299777421168983
5,22,16189,entity_0939,entity_1000,1,0.0,True,False,,7.299777421168983
5,23,3813,entity_0750,entity_0670,0,0.0,True,True,,7.299777421168983
5,24,3333,entity_0722,entity_0862,0,0.0,True,True,,7.299777421168983
5,25,9975,entity_0705,entity_0192,0,0.0,True,True,,7.299777421168983
5,26,4979,entity_0146,entity_0642,1,1.0,True,True,,7.299777421168983
5,27,9997,entity_0361,entity_0864,0,0.0,True,True,,7.299777421168983
5,28,1931,entity_0744,entity_0112,1,0.0,True,False,,7.299777421168983
5,29,10953,entity_0798,entity_0251,0,0.0,True,True,,7.299777421168983
5,30,4861,entity_0151,entity_0612,0,0.0,True,True,,7.299777421168983
5,31,11685,entity_0557,entity_0065,1,0.0,True,False,,7.299777421168983
5,32,13059,entity_0314,entity_0989,0,0.0,True,True,,7.299777421168983
5,33,7299,entity_0665,entity_0899,0,0.0,True,True,,7.299777421168983
5,34,10487,entity_0736,entity_0526,0,0.0,True,True,,7.299777421168983
5,35,11163,entity_0361,entity_0537,1,0.0,True,False,,7.299777421168983
5,36,8023,entity_0538,entity_0049,1,0.0,True,False,,7.299777421168983
5,37,2807,entity_0689,entity_0305,1,0.0,True,False,,7.299777421168983
5,38,79,entity_0600,entity_0379,1,0.0,True,False,,7.299777421168983
5,39,16635,entity_0208,entity_0401,1,0.0,True,False,,7.299777421168983
5,40,13659,entity_0288,entity_0404,0,0.0,True,True,,7.299777421168983
5,41,6857,entity_0177,entity_0697,0,0.0,True,True,,7.299777421168983
5,42,11623,entity_0070,entity_0484,1,0.0,True,False,,7.299777421168983
5,43,15887,entity_0002,entity_0928,1,1.0,True,True,,7.299777421168983
5,44,16999,entity_0416,entity_0573,0,0.0,True,True,,7.299777421168983
5,45,10835,entity_0956,entity_0536,0,1.0,True,False,,7.299777421168983
5,46,9283,entity_0209,entity_0851,1,0.0,True,False,,7.299777421168983
5,47,13279,entity_0003,entity_0255,0,0.0,True,True,,7.299777421168983
5,48,3801,entity_0125,entity_0996,1,1.0,True,True,,7.299777421168983
5,49,16907,entity_0477,entity_0203,1,0.0,True,False,,7.299777421168983
5,50,17367,entity_0621,entity_0970,1,0.0,True,False,,7.299777421168983
5,51,3713,entity_0204,entity_0038,0,0.0,True,True,,7.299777421168983
5,52,5397,entity_0561,entity_0626,1,0.0,True,False,,7.299777421168983
5,53,14349,entity_0930,entity_0538,1,0.0,True,False,,7.299777421168983
5,54,7819,entity_0915,entity_0340,1,0.0,True,False,,7.299777421168983
5,55,5881,entity_0846,entity_0114,1,0.0,True,False,,7.299777421168983
5,56,15951,entity_0747,entity_0037,0,0.0,True,True,,7.299777421168983
5,57,17887,entity_0595,entity_0625,0,1.0,True,False,,7.299777421168983
5,58,6105,entity_0203,entity_0703,1,0.0,True,False,,7.299777421168983
5,59,7201,entity_0994,entity_0153,0,0.0,True,True,,7.299777421168983
5,60,14853,entity_0795,entity_0396,0,1.0,True,False,,7.299777421168983
5,61,2597,entity_0283,entity_0588,1,0.0,True,False,,7.299777421168983
5,62,6377,entity_0078,entity_0882,0,0.0,True,True,,7.299777421168983
5,63,2017,entity_0931,entity_0822,1,0.0,True,False,,7.299777421168983
6,0,17285,entity_0182,entity_0638,0,0.0,True,True,,7.2917685536667705
6,1,7973,entity_0065,entity_0345,1,0.0,True,False,,7.2917685536667705
6,2,3313,entity_0253,entity_0645,0,0.0,True,True,,7.2917685536667705
6,3,1625,entity_0575,entity_0038,1,0.0,True,False,,7.2917685536667705
6,4,10495,entity_0157,entity_0370,0,0.0,True,True,,7.2917685536667705
6,5,10685,entity_0318,entity_0737,1,0.0,True,False,,7.2917685536667705
6,6,713,entity_0636,entity_0722,0,0.0,True,True,,7.2917685536667705
6,7,11099,entity_0881,entity_0201,1,1.0,True,True,,7.2917685536667705
6,8,1843,entity_0513,entity_0891,0,0.0,True,True,,7.2917685536667705
6,9,16065,entity_0173,entity_0023,1,0.0,True,False,,7.2917685536667705
6,10,4489,entity_0526,entity_0169,0,1.0,True,False,,7.2917685536667705
6,11,14693,entity_0596,entity_0657,1,0.0,True,False,,7.2917685536667705
6,12,6181,entity_0118,entity_0916,1,0.0,True,False,,7.2917685536667705
6,13,17147,entity_0712,entity_0963,0,0.0,True,True,,7.2917685536667705
6,14,12449,entity_0299,entity_0684,0,0.0,True,True,,7.2917685536667705
6,15,8503,entity_0655,entity_0986,0,0.0,True,True,,7.2917685536667705
6,16,2827,entity_0140,entity_0444,1,0.0,True,False,,7.2917685536667705
6,17,733,entity_0462,entity_0208,1,1.0,True,True,,7.2917685536667705
6,18,55,entity_0827,entity_0826,0,0.0,True,True,,7.2917685536667705
6,19,11005,entity_0013,entity_0558,0,0.0,True,True,,7.2917685536667705
6,20,8977,entity_0738,entity_0061,0,0.0,True,True,,7.2917685536667705
6,21,9481,entity_0666,entity_0143,0,0.0,True,True,,7.2917685536667705
6,22,1263,entity_0162,entity_0876,1,0.0,True,False,,7.2917685536667705
6,23,6179,entity_0909,entity_0265,1,0.0,True,False,,7.2917685536667705
6,24,17089,entity_0668,entity_0663,0,0.0,True,True,,7.2917685536667705
6,25,7573,entity_0269,entity_0141,0,0.0,True,True,,7.2917685536667705
6,26,15011,entity_0601,entity_0689,0,0.0,True,True,,7.2917685536667705
6,27,4479,entity_0057,entity_0909,1,0.0,True,False,,7.2917685536667705
6,28,15445,entity_0509,entity_0848,0,0.0,True,True,,7.2917685536667705
6,29,3777,entity_0752,entity_0130,1,0.0,True,False,,7.2917685536667705
6,30,7303,entity_0200,entity_0666,1,0.0,True,False,,7.2917685536667705
6,31,3539,entity_0015,entity_0711,1,0.0,True,False,,7.2917685536667705
6,32,8275,entity_0307,entity_0417,1,0.0,True,False,,7.2917685536667705
6,33,9019,entity_0434,entity_0591,1,0.0,True,False,,7.2917685536667705
6,34,17579,entity_0794,entity_0120,1,1.0,True,True,,7.2917685536667705
6,35,4731,entity_0969,entity_0466,1,0.0,True,False,,7.2917685536667705
6,36,1007,entity_0386,entity_0026,0,0.0,True,True,,7.2917685536667705
6,37,7469,entity_0260,entity_0269,0,0.0,True,True,,7.2917685536667705
6,38,8445,entity_0609,entity_0136,1,0.0,True,False,,7.2917685536667705
6,39,5175,entity_0492,entity_0387,1,0.0,True,False,,7.2917685536667705
6,40,8283,entity_0596,entity_0973,0,0.0,True,True,,7.2917685536667705
6,41,5177,entity_0589,entity_0832,0,0.0,True,True,,7.2917685536667705
6,42,33,entity_0289,entity_0160,1,0.0,True,False,,7.2917685536667705
6,43,10429,entity_0308,entity_0112,0,0.0,True,True,,7.2917685536667705
6,44,1265,entity_0189,entity_0812,1,0.0,True,False,,7.2917685536667705
6,45,11391,entity_0866,entity_0843,1,0.0,True,False,,7.2917685536667705
6,46,13973,entity_0942,entity_0304,1,0.0,True,False,,7.2917685536667705
6,47,14223,entity_0736,entity_0300,0,0.0,True,True,,7.2917685536667705
6,48,2975,entity_0512,entity_0828,1,0.0,True,False,,7.2917685536667705
6,49,16947,entity_0982,entity_0785,1,0.0,True,False,,7.2917685536667705
6,50,9993,entity_0490,entity_0222,0,0.0,True,True,,7.2917685536667705
6,51,14663,entity_0447,entity_0566,1,0.0,True,False,,7.2917685536667705
6,52,421,entity_0364,entity_0751,0,0.0,True,True,,7.2917685536667705
6,53,15095,entity_0057,entity_0993,0,0.0,True,True,,7.2917685536667705
6,54,16991,entity_0559,entity_0416,0,0.0,True,True,,7.2917685536667705
6,55,1583,entity_0631,entity_0081,0,0.0,True,True,,7.2917685536667705
6,56,8217,entity_0405,entity_0104,0,0.0,True,True,,7.2917685536667705
6,57,16127,entity_0019,entity_0972,1,0.0,True,False,,7.2917685536667705
6,58,3297,entity_0555,entity_0630,0,0.0,True,True,,7.2917685536667705
6,59,1419,entity_0963,entity_0121,1,0.0,True,False,,7.2917685536667705
6,60,433,entity_0287,entity_0440,0,0.0,True,True,,7.2917685536667705
6,61,1941,entity_0704,entity_0431,1,0.0,True,False,,7.2917685536667705
6,62,895,entity_0431,entity_0372,0,0.0,True,True,,7.2917685536667705
6,63,6711,entity_0741,entity_0302,1,0.0,True,False,,7.2917685536667705
7,0,4097,entity_0084,entity_0784,1,0.0,True,False,,7.297863323241472
7,1,11839,entity_0762,entity_0141,1,1.0,True,True,,7.297863323241472
7,2,1329,entity_0738,entity_0564,1,0.0,True,False,,7.297863323241472
7,3,2071,entity_0099,entity_0723,0,0.0,True,True,,7.297863323241472
7,4,15809,entity_0845,entity_0471,0,0.0,True,True,,7.297863323241472
7,5,1091,entity_0326,entity_0704,0,0.0,True,True,,7.297863323241472
7,6,17747,entity_0406,entity_0677,0,1.0,True,False,,7.297863323241472
7,7,10363,entity_0555,entity_0364,1,0.0,True,False,,7.297863323241472
7,8,6261,entity_0414,entity_0988,0,0.0,True,True,,7.297863323241472
7,9,2735,entity_0839,entity_0292,0,0.0,True,True,,7.297863323241472
7,10,16671,entity_0366,entity_0375,1,0.0,True,False,,7.297863323241472
7,11,4847,entity_0238,entity_0734,1,0.0,True,False,,7.297863323241472
7,12,3807,entity_0611,entity_0482,0,0.0,True,True,,7.297863323241472
7,13,11743,entity_0825,entity_0652,1,0.0,True,False,,7.297863323241472
7,14,17697,entity_0949,entity_0626,1,0.0,True,False,,7.297863323241472
7,15,1299,entity_0334,entity_0863,0,0.0,True,True,,7.297863323241472
7,16,17423,entity_0059,entity_0472,0,0.0,True,True,,7.297863323241472
7,17,5189,entity_0153,entity_0954,0,0.0,True,True,,7.297863323241472
7,18,7815,entity_0392,entity_0262,0,0.0,True,True,,7.297863323241472
7,19,17115,entity_0640,entity_0463,1,0.0,True,False,,7.297863323241472
7,20,14555,entity_0842,entity_0583,1,1.0,True,True,,7.297863323241472
7,21,7115,entity_0368,entity_0930,1,0.0,True,False,,7.297863323241472
7,22,14431,entity_0146,entity_0520,1,1.0,True,True,,7.297863323241472
7,23,6191,entity_0087,entity_0820,1,0.0,True,False,,7.297863323241472
7,24,3803,entity_0394,entity_0975,1,0.0,True,False,,7.297863323241472
7,25,5945,entity_0225,entity_0024,0,0.0,True,True,,7.297863323241472
7,26,4167,entity_0106,entity_0894,1,0.0,True,False,,7.297863323241472
7,27,5439,entity_0126,entity_0384,1,0.0,True,False,,7.297863323241472
7,28,2897,entity_0366,entity_0257,0,0.0,True,True,,7.297863323241472
7,29,9733,entity_0989,entity_0460,1,0.0,True,False,,7.297863323241472
7,30,8191,entity_0527,entity_0793,0,1.0,True,False,,7.297863323241472
7,31,7807,entity_0139,entity_0233,0,0.0,True,True,,7.297863323241472
7,32,2169,entity_0087,entity_0183,1,0.0,True,False,,7.297863323241472
7,33,11771,entity_0834,entity_0768,0,0.0,True,True,,7.297863323241472
7,34,9419,entity_0082,entity_0476,1,0.0,True,False,,7.297863323241472
7,35,17333,entity_0518,entity_0612,1,0.0,True,False,,7.297863323241472
7,36,7937,entity_0966,entity_0123,0,0.0,True,True,,7.297863323241472
7,37,3393,entity_0859,entity_0059,0,0.0,True,True,,7.297863323241472
7,38,2361,entity_0343,entity_0700,1,0.0,True,False,,7.297863323241472
7,39,7157,entity_0132,entity_0803,0,0.0,True,True,,7.297863323241472
7,40,17815,entity_0188,entity_0865,0,0.0,True,True,,7.297863323241472
7,41,10139,entity_0161,entity_0325,0,0.0,True,True,,7.297863323241472
7,42,10195,entity_0533,entity_0417,0,0.0,True,True,,7.297863323241472
7,43,5245,entity_0139,entity_0949,1,0.0,True,False,,7.297863323241472
7,44,17927,entity_0316,entity_0444,0,0.0,True,True,,7.297863323241472
7,45,4639,entity_0113,entity_0618,0,0.0,True,True,,7.297863323241472
7,46,4447,entity_0224,entity_0718,0,0.0,True,True,,7.297863323241472
7,47,1801,entity_0856,entity_0334,1,0.0,True,False,,7.297863323241472
7,48,3777,entity_0752,entity_0130,1,0.0,True,False,,7.297863323241472
7,49,6069,entity_0693,entity_0731,1,0.0,True,False,,7.297863323241472
7,50,1387,entity_0598,entity_0529,1,0.0,True,False,,7.297863323241472
7,51,5339,entity_0989,entity_0181,0,0.0,True,True,,7.297863323241472
7,52,15303,entity_0449,entity_0849,0,0.0,True,True,,7.297863323241472
7,53,7891,entity_0170,entity_0277,1,0.0,True,False,,7.297863323241472
7,54,5597,entity_0530,entity_0276,0,0.0,True,True,,7.297863323241472
7,55,9241,entity_0127,entity_0148,1,0.0,True,False,,7.297863323241472
7,56,9357,entity_0572,entity_0626,1,0.0,True,False,,7.297863323241472
7,57,16251,entity_0343,entity_0913,1,0.0,True,False,,7.297863323241472
7,58,6945,entity_0294,entity_0956,0,0.0,True,True,,7.297863323241472
7,59,1793,entity_0995,entity_0787,0,0.0,True,True,,7.297863323241472
7,60,1457,entity_0676,entity_0257,1,0.0,True,False,,7.297863323241472
7,61,7777,entity_0059,entity_0921,0,0.0,True,True,,7.297863323241472
7,62,13399,entity_0502,entity_0637,0,0.0,True,True,,7.297863323241472
7,63,79,entity_0600,entity_0379,1,0.0,True,False,,7.297863323241472
8,0,6735,entity_0028,entity_0814,1,0.0,True,False,,7.286198594607413
8,1,623,entity_0869,entity_0628,1,1.0,True,True,,7.286198594607413
8,2,13827,entity_0862,entity_0916,1,0.0,True,False,,7.286198594607413
8,3,2681,entity_0169,entity_0877,0,0.0,True,True,,7.286198594607413
8,4,7333,entity_0327,entity_0612,1,0.0,True,False,,7.286198594607413
8,5,11343,entity_0048,entity_0931,0,0.0,True,True,,7.286198594607413
8,6,4857,entity_0527,entity_0380,0,0.0,True,True,,7.286198594607413
8,7,2475,entity_0973,entity_0116,1,0.0,True,False,,7.286198594607413
8,8,11855,entity_0715,entity_0582,1,1.0,True,True,,7.286198594607413
8,9,14361,entity_0244,entity_0785,1,0.0,True,False,,7.286198594607413
8,10,12511,entity_0290,entity_0889,1,0.0,True,False,,7.286198594607413
8,11,6339,entity_0701,entity_0533,1,0.0,True,False,,7.286198594607413
8,12,16351,entity_0424,entity_0560,1,0.0,True,False,,7.286198594607413
8,13,14959,entity_0260,entity_0048,1,0.0,True,False,,7.286198594607413
8,14,9919,entity_0816,entity_0241,1,0.0,True,False,,7.286198594607413
8,15,2801,entity_0787,entity_0775,0,0.0,True,True,,7.286198594607413
8,16,16425,entity_0120,entity_0167,1,1.0,True,True,,7.286198594607413
8,17,4749,entity_0749,entity_0006,0,0.0,True,True,,7.286198594607413
8,18,13695,entity_0466,entity_0304,1,1.0,True,True,,7.286198594607413
8,19,6335,entity_0995,entity_0968,1,0.0,True,False,,7.286198594607413
8,20,9777,entity_0370,entity_0414,0,0.0,True,True,,7.286198594607413
8,21,15429,entity_0325,entity_0794,1,0.0,True,False,,7.286198594607413
8,22,4763,entity_0366,entity_0707,1,0.0,True,False,,7.286198594607413
8,23,11269,entity_0110,entity_0899,0,0.0,True,True,,7.286198594607413
8,24,2825,entity_0515,entity_0842,0,0.0,True,True,,7.286198594607413
8,25,5927,entity_0373,entity_0024,0,0.0,True,True,,7.286198594607413
8,26,3521,entity_0949,entity_0553,1,0.0,True,False,,7.286198594607413
8,27,14475,entity_0765,entity_0194,1,0.0,True,False,,7.286198594607413
8,28,13731,entity_0210,entity_0804,0,0.0,True,True,,7.286198594607413
8,29,17605,entity_0481,entity_0083,0,0.0,True,True,,7.286198594607413
8,30,1349,entity_0465,entity_0192,0,0.0,True,True,,7.286198594607413
8,31,16077,entity_0475,entity_0735,1,0.0,True,False,,7.286198594607413
8,32,9051,entity_0395,entity_0069,0,0.0,True,True,,7.286198594607413
8,33,10963,entity_0622,entity_0390,0,0.0,True,True,,7.286198594607413
8,34,1061,entity_0883,entity_0866,0,0.0,True,True,,7.286198594607413
8,35,3619,entity_0776,entity_0045,1,0.0,True,False,,7.286198594607413
8,36,3285,entity_0900,entity_0006,0,0.0,True,True,,7.286198594607413
8,37,10523,entity_0306,entity_0501,1,0.0,True,False,,7.286198594607413
8,38,81,entity_0297,entity_0709,1,0.0,True,False,,7.286198594607413
8,39,11715,entity_0384,entity_0773,0,0.0,True,True,,7.286198594607413
8,40,783,entity_0373,entity_0101,1,0.0,True,False,,7.286198594607413
8,41,11439,entity_0339,entity_0635,0,0.0,True,True,,7.286198594607413
8,42,14221,entity_0847,entity_0019,0,0.0,True,True,,7.286198594607413
8,43,12933,entity_0894,entity_0362,0,0.0,True,True,,7.286198594607413
8,44,8427,entity_0247,entity_0038,0,0.0,True,True,,7.286198594607413
8,45,11385,entity_0235,entity_0678,0,0.0,True,True,,7.286198594607413
8,46,12255,entity_0604,entity_0653,1,0.0,True,False,,7.286198594607413
8,47,2457,entity_0811,entity_0307,0,0.0,True,True,,7.286198594607413
8,48,6173,entity_0391,entity_0405,0,0.0,True,True,,7.286198594607413
8,49,6207,entity_0086,entity_0738,1,0.0,True,False,,7.286198594607413
8,50,7889,entity_0453,entity_0595,1,0.0,True,False,,7.286198594607413
8,51,12503,entity_0391,entity_0157,0,0.0,True,True,,7.286198594607413
8,52,16819,entity_0951,entity_0126,1,0.0,True,False,,7.286198594607413
8,53,11099,entity_0881,entity_0201,1,0.0,True,False,,7.286198594607413
8,54,13575,entity_0296,entity_0145,1,0.0,True,False,,7.286198594607413
8,55,11285,entity_0277,entity_0250,0,0.0,True,True,,7.286198594607413
8,56,13209,entity_0831,entity_0809,1,0.0,True,False,,7.286198594607413
8,57,12895,entity_0803,entity_0006,0,0.0,True,True,,7.286198594607413
8,58,1771,entity_0913,entity_0839,0,0.0,True,True,,7.286198594607413
8,59,8727,entity_0140,entity_0616,0,0.0,True,True,,7.286198594607413
8,60,9783,entity_0860,entity_0993,0,0.0,True,True,,7.286198594607413
8,61,4335,entity_0292,entity_0592,0,0.0,True,True,,7.286198594607413
8,62,11443,entity_0189,entity_0246,1,0.0,True,False,,7.286198594607413
8,63,17765,entity_0763,entity_0390,0,0.0,True,True,,7.286198594607413
9,0,11815,entity_0706,entity_0599,0,0.0,True,True,,7.3032819060608745
9,1,17889,entity_0935,entity_0185,0,1.0,True,False,,7.3032819060608745
9,2,6929,entity_0637,entity_0888,1,0.0,True,False,,7.3032819060608745
9,3,15887,entity_0002,entity_0928,1,0.0,True,False,,7.3032819060608745
9,4,7773,entity_0777,entity_0374,0,0.0,True,True,,7.3032819060608745
9,5,17753,entity_0779,entity_0469,0,0.0,True,True,,7.3032819060608745
9,6,16401,entity_0091,entity_0819,0,0.0,True,True,,7.3032819060608745
9,7,47,entity_0203,entity_0809,1,0.0,True,False,,7.3032819060608745
9,8,12541,entity_0448,entity_0150,0,0.0,True,True,,7.3032819060608745
9,9,10627,entity_0281,entity_0626,0,0.0,True,True,,7.3032819060608745
9,10,13177,entity_0255,entity_0621,0,0.0,True,True,,7.3032819060608745
9,11,17075,entity_0997,entity_0610,0,0.0,True,True,,7.3032819060608745
9,12,6167,entity_0827,entity_0050,1,0.0,True,False,,7.3032819060608745
9,13,2287,entity_0883,entity_0222,0,0.0,True,True,,7.3032819060608745
9,14,6005,entity_0398,entity_0564,1,0.0,True,False,,7.3032819060608745
9,15,4671,entity_0626,entity_0105,0,0.0,True,True,,7.3032819060608745
9,16,4123,entity_0648,entity_0984,0,0.0,True,True,,7.3032819060608745
9,17,11723,entity_0930,entity_0049,1,0.0,True,False,,7.3032819060608745
9,18,11191,entity_0969,entity_0304,1,0.0,True,False,,7.3032819060608745
9,19,10965,entity_0093,entity_0651,0,0.0,True,True,,7.3032819060608745
9,20,2963,entity_0720,entity_0172,0,0.0,True,True,,7.3032819060608745
9,21,12245,entity_0392,entity_0143,1,0.0,True,False,,7.3032819060608745
9,22,1943,entity_0849,entity_0523,1,0.0,True,False,,7.3032819060608745
9,23,12835,entity_0687,entity_0452,0,0.0,True,True,,7.3032819060608745
9,24,8551,entity_0604,entity_0899,1,0.0,True,False,,7.3032819060608745
9,25,16467,entity_0172,entity_0766,1,0.0,True,False,,7.3032819060608745
9,26,12485,entity_0552,entity_0891,0,0.0,True,True,,7.3032819060608745
9,27,9891,entity_0917,entity_0826,1,0.0,True,False,,7.3032819060608745
9,28,16259,entity_0961,entity_0010,0,0.0,True,True,,7.3032819060608745
9,29,9247,entity_0472,entity_0948,0,0.0,True,True,,7.3032819060608745
9,30,8797,entity_0750,entity_0375,1,0.0,True,False,,7.3032819060608745
9,31,3425,entity_0603,entity_0021,1,0.0,True,False,,7.3032819060608745
9,32,663,entity_0830,entity_0939,0,0.0,True,True,,7.3032819060608745
9,33,13067,entity_0666,entity_0304,0,0.0,True,True,,7.3032819060608745
9,34,11951,entity_0885,entity_0497,0,0.0,True,True,,7.3032819060608745
9,35,17183,entity_0510,entity_0032,0,0.0,True,True,,7.3032819060608745
9,36,12339,entity_0951,entity_0649,1,0.0,True,False,,7.3032819060608745
9,37,7129,entity_0332,entity_0614,1,0.0,True,False,,7.3032819060608745
9,38,4135,entity_0291,entity_0608,0,0.0,True,True,,7.3032819060608745
9,39,3575,entity_0410,entity_0395,0,0.0,True,True,,7.3032819060608745
9,40,1343,entity_0110,entity_0334,1,0.0,True,False,,7.3032819060608745
9,41,3843,entity_0615,entity_0193,0,0.0,True,True,,7.3032819060608745
9,42,5197,entity_0469,entity_0960,1,0.0,True,False,,7.3032819060608745
9,43,17335,entity_0082,entity_0444,0,0.0,True,True,,7.3032819060608745
9,44,9299,entity_0925,entity_0600,1,0.0,True,False,,7.3032819060608745
9,45,11821,entity_0443,entity_0696,1,0.0,True,False,,7.3032819060608745
9,46,10803,entity_0533,entity_0923,1,0.0,True,False,,7.3032819060608745
9,47,6941,entity_0976,entity_0919,1,0.0,True,False,,7.3032819060608745
9,48,2197,entity_0709,entity_0879,1,0.0,True,False,,7.3032819060608745
9,49,13169,entity_0072,entity_0466,0,0.0,True,True,,7.3032819060608745
9,50,16141,entity_0488,entity_0311,1,0.0,True,False,,7.3032819060608745
9,51,9971,entity_0661,entity_0323,0,0.0,True,True,,7.3032819060608745
9,52,15161,entity_0737,entity_0001,0,0.0,True,True,,7.3032819060608745
9,53,16427,entity_0732,entity_0411,1,0.0,True,False,,7.3032819060608745
9,54,7425,entity_0669,entity_0598,0,0.0,True,True,,7.3032819060608745
9,55,1715,entity_0810,entity_0825,1,0.0,True,False,,7.3032819060608745
9,56,15075,entity_0523,entity_0615,1,0.0,True,False,,7.3032819060608745
9,57,9885,entity_0782,entity_0385,1,0.0,True,False,,7.3032819060608745
9,58,17691,entity_0923,entity_0901,0,0.0,True,True,,7.3032819060608745
9,59,8449,entity_0255,entity_0191,1,0.0,True,False,,7.3032819060608745
9,60,1689,entity_0326,entity_0134,0,0.0,True,True,,7.3032819060608745
9,61,16109,entity_0115,entity_0522,1,0.0,True,False,,7.3032819060608745
9,62,12179,entity_0392,entity_0645,1,0.0,True,False,,7.3032819060608745
9,63,8785,entity_0552,entity_0064,1,0.0,True,False,,7.3032819060608745
10,0,4797,entity_0501,entity_0854,0,0.0,True,True,,7.27499639429152
10,1,6723,entity_0613,entity_0157,1,1.0,True,True,,7.27499639429152
10,2,8687,entity_0023,entity_0512,0,0.0,True,True,,7.27499639429152
10,3,10629,entity_0225,entity_0105,0,0.0,True,True,,7.27499639429152
10,4,11085,entity_0810,entity_0258,0,0.0,True,True,,7.27499639429152
10,5,633,entity_0149,entity_0578,0,0.0,True,True,,7.27499639429152
10,6,17363,entity_0882,entity_0561,0,0.0,True,True,,7.27499639429152
10,7,13867,entity_0312,entity_0519,1,1.0,True,True,,7.27499639429152
10,8,5955,entity_0204,entity_0508,1,0.0,True,False,,7.27499639429152
10,9,11031,entity_0172,entity_0947,0,0.0,True,True,,7.27499639429152
10,10,8431,entity_0725,entity_0215,1,0.0,True,False,,7.27499639429152
10,11,6013,entity_0206,entity_0956,0,0.0,True,True,,7.27499639429152
10,12,9287,entity_0851,entity_0524,1,0.0,True,False,,7.27499639429152
10,13,16825,entity_0188,entity_0491,1,0.0,True,False,,7.27499639429152
10,14,1365,entity_0295,entity_0397,0,0.0,True,True,,7.27499639429152
10,15,4571,entity_0816,entity_0354,1,0.0,True,False,,7.27499639429152
10,16,6495,entity_0203,entity_0563,0,0.0,True,True,,7.27499639429152
10,17,7833,entity_0809,entity_0100,1,0.0,True,False,,7.27499639429152
10,18,9843,entity_0347,entity_0730,1,0.0,True,False,,7.27499639429152
10,19,2729,entity_0550,entity_0043,0,0.0,True,True,,7.27499639429152
10,20,12751,entity_0505,entity_0396,0,0.0,True,True,,7.27499639429152
10,21,2343,entity_0401,entity_0770,0,0.0,True,True,,7.27499639429152
10,22,12503,entity_0391,entity_0157,0,0.0,True,True,,7.27499639429152
10,23,16781,entity_0532,entity_0931,0,0.0,True,True,,7.27499639429152
10,24,14223,entity_0736,entity_0300,0,0.0,True,True,,7.27499639429152
10,25,13331,entity_0578,entity_0322,1,0.0,True,False,,7.27499639429152
10,26,9733,entity_0989,entity_0460,1,0.0,True,False,,7.27499639429152
10,27,14799,entity_0803,entity_0139,0,0.0,True,True,,7.27499639429152
10,28,1969,entity_0695,entity_0484,0,0.0,True,True,,7.27499639429152
10,29,15233,entity_0380,entity_0858,1,0.0,True,False,,7.27499639429152
10,30,9223,entity_0942,entity_0845,0,0.0,True,True,,7.27499639429152
10,31,8369,entity_0569,entity_0646,1,0.0,True,False,,7.27499639429152
10,32,6977,entity_0819,entity_0157,1,0.0,True,False,,7.27499639429152
10,33,2949,entity_0579,entity_0798,1,1.0,True,True,,7.27499639429152
10,34,7341,entity_0897,entity_0990,1,0.0,True,False,,7.27499639429152
10,35,2941,entity_0253,entity_0760,0,0.0,True,True,,7.27499639429152
10,36,3487,entity_0173,entity_0835,1,0.0,True,False,,7.27499639429152
10,37,3783,entity_0724,entity_0060,1,0.0,True,False,,7.27499639429152
10,38,16759,entity_0807,entity_0564,1,1.0,True,True,,7.27499639429152
10,39,10365,entity_0344,entity_0252,0,0.0,True,True,,7.27499639429152
10,40,16877,entity_0731,entity_0037,0,0.0,True,True,,7.27499639429152
10,41,11009,entity_0437,entity_0681,1,0.0,True,False,,7.27499639429152
10,42,9755,entity_0405,entity_0722,1,0.0,True,False,,7.27499639429152
10,43,6921,entity_0232,entity_0730,1,0.0,True,False,,7.27499639429152
10,44,14449,entity_0067,entity_0752,1,0.0,True,False,,7.27499639429152
10,45,727,entity_0680,entity_0753,1,0.0,True,False,,7.27499639429152
10,46,14945,entity_0720,entity_0982,1,0.0,True,False,,7.27499639429152
10,47,12029,entity_0607,entity_0984,0,0.0,True,True,,7.27499639429152
10,48,12835,entity_0687,entity_0452,0,0.0,True,True,,7.27499639429152
10,49,13021,entity_0992,entity_0691,1,0.0,True,False,,7.27499639429152
10,50,6973,entity_0424,entity_0412,0,1.0,True,False,,7.27499639429152
10,51,4381,entity_0400,entity_0098,1,0.0,True,False,,7.27499639429152
10,52,8377,entity_0641,entity_0359,0,0.0,True,True,,7.27499639429152
10,53,10635,entity_0454,entity_0291,0,0.0,True,True,,7.27499639429152
10,54,14243,entity_0231,entity_0420,0,1.0,True,False,,7.27499639429152
10,55,6289,entity_0748,entity_0686,1,0.0,True,False,,7.27499639429152
10,56,14563,entity_0202,entity_0786,1,0.0,True,False,,7.27499639429152
10,57,5441,entity_0010,entity_0051,0,0.0,True,True,,7.27499639429152
10,58,7287,entity_0789,entity_0522,0,0.0,True,True,,7.27499639429152
10,59,723,entity_0352,entity_0476,1,0.0,True,False,,7.27499639429152
10,60,9915,entity_0851,entity_0418,0,0.0,True,True,,7.27499639429152
10,61,15273,entity_0821,entity_0156,1,0.0,True,False,,7.27499639429152
10,62,6335,entity_0995,entity_0968,1,0.0,True,False,,7.27499639429152
10,63,11441,entity_0438,entity_0904,0,0.0,True,True,,7.27499639429152
11,0,10559,entity_0056,entity_0425,0,0.0,True,True,,7.309666870161891
11,1,7547,entity_0866,entity_0495,1,1.0,True,True,,7.309666870161891
11,2,15799,entity_0564,entity_0309,0,1.0,True,False,,7.309666870161891
11,3,9243,entity_0467,entity_0657,1,0.0,True,False,,7.309666870161891
11,4,1503,entity_0034,entity_0541,1,1.0,True,True,,7.309666870161891
11,5,16465,entity_0983,entity_0220,0,0.0,True,True,,7.309666870161891
11,6,12987,entity_0685,entity_0736,1,0.0,True,False,,7.309666870161891
11,7,10895,entity_0910,entity_0615,1,0.0,True,False,,7.309666870161891
11,8,5743,entity_0577,entity_0115,0,0.0,True,True,,7.309666870161891
11,9,4409,entity_0068,entity_0407,1,0.0,True,False,,7.309666870161891
11,10,6459,entity_0376,entity_0279,1,0.0,True,False,,7.309666870161891
11,11,12037,entity_0106,entity_0353,0,0.0,True,True,,7.309666870161891
11,12,5275,entity_0801,entity_0315,0,0.0,True,True,,7.309666870161891
11,13,10413,entity_0052,entity_0135,0,0.0,True,True,,7.309666870161891
11,14,6659,entity_0549,entity_0647,0,0.0,True,True,,7.309666870161891
11,15,12915,entity_0715,entity_0526,1,0.0,True,False,,7.309666870161891
11,16,16601,entity_0654,entity_0624,0,0.0,True,True,,7.309666870161891
11,17,13377,entity_0857,entity_0709,1,0.0,True,False,,7.309666870161891
11,18,8627,entity_0968,entity_0169,0,0.0,True,True,,7.309666870161891
11,19,4663,entity_0155,entity_0432,1,0.0,True,False,,7.309666870161891
11,20,17383,entity_0237,entity_0932,0,0.0,True,True,,7.309666870161891
11,21,2459,entity_0784,entity_0166,0,0.0,True,True,,7.309666870161891
11,22,10429,entity_0308,entity_0112,0,0.0,True,True,,7.309666870161891
11,23,14445,entity_0225,entity_0608,1,0.0,True,False,,7.309666870161891
11,24,517,entity_0089,entity_0695,1,0.0,True,False,,7.309666870161891
11,25,11041,entity_0162,entity_0999,1,0.0,True,False,,7.309666870161891
11,26,13601,entity_0780,entity_0172,0,0.0,True,True,,7.309666870161891
11,27,1261,entity_0379,entity_0715,0,0.0,True,True,,7.309666870161891
11,28,12771,entity_0786,entity_0856,0,0.0,True,True,,7.309666870161891
11,29,10705,entity_0773,entity_0607,1,0.0,True,False,,7.309666870161891
11,30,17813,entity_0707,entity_0035,0,0.0,True,True,,7.309666870161891
11,31,3899,entity_0309,entity_0349,1,0.0,True,False,,7.309666870161891
11,32,14603,entity_0187,entity_0302,1,0.0,True,False,,7.309666870161891
11,33,267,entity_0878,entity_0047,0,0.0,True,True,,7.309666870161891
11,34,4123,entity_0648,entity_0984,0,0.0,True,True,,7.309666870161891
11,35,533,entity_0743,entity_0441,1,0.0,True,False,,7.309666870161891
11,36,11811,entity_0420,entity_0493,1,0.0,True,False,,7.309666870161891
11,37,10277,entity_0725,entity_0205,0,0.0,True,True,,7.309666870161891
11,38,8383,entity_0882,entity_0581,0,0.0,True,True,,7.309666870161891
11,39,15763,entity_0925,entity_0414,1,0.0,True,False,,7.309666870161891
11,40,10399,entity_0493,entity_0471,1,0.0,True,False,,7.309666870161891
11,41,16321,entity_0584,entity_0507,0,0.0,True,True,,7.309666870161891
11,42,12405,entity_0782,entity_0871,0,0.0,True,True,,7.309666870161891
11,43,5741,entity_0143,entity_0450,1,0.0,True,False,,7.309666870161891
11,44,16391,entity_0921,entity_0181,1,0.0,True,False,,7.309666870161891
11,45,16819,entity_0951,entity_0126,1,0.0,True,False,,7.309666870161891
11,46,13701,entity_0242,entity_0156,1,0.0,True,False,,7.309666870161891
11,47,9491,entity_0474,entity_0652,0,0.0,True,True,,7.309666870161891
11,48,10063,entity_0233,entity_0542,1,0.0,True,False,,7.309666870161891
11,49,8689,entity_0944,entity_0360,1,0.0,True,False,,7.309666870161891
11,50,6443,entity_0664,entity_0105,0,0.0,True,True,,7.309666870161891
11,51,3595,entity_0010,entity_0726,1,0.0,True,False,,7.309666870161891
11,52,12525,entity_0043,entity_0636,1,0.0,True,False,,7.309666870161891
11,53,17405,entity_0807,entity_0636,0,0.0,True,True,,7.309666870161891
11,54,1347,entity_0234,entity_0303,1,0.0,True,False,,7.309666870161891
11,55,2837,entity_0704,entity_0465,0,0.0,True,True,,7.309666870161891
11,56,13289,entity_0462,entity_0906,1,0.0,True,False,,7.309666870161891
11,57,13731,entity_0210,entity_0804,0,0.0,True,True,,7.309666870161891
11,58,2075,entity_0959,entity_0989,0,0.0,True,True,,7.309666870161891
11,59,901,entity_0703,entity_0477,1,0.0,True,False,,7.309666870161891
11,60,12263,entity_0147,entity_0623,1,0.0,True,False,,7.309666870161891
11,61,11649,entity_0260,entity_0918,0,0.0,True,True,,7.309666870161891
11,62,17667,entity_0854,entity_0930,0,0.0,True,True,,7.309666870161891
11,63,2471,entity_0570,entity_0336,0,0.0,True,True,,7.309666870161891
12,0,10865,entity_0544,entity_0798,1,0.0,True,False,,7.3167041121050715
12,1,16521,entity_0682,entity_0032,1,1.0,True,True,,7.3167041121050715
12,2,8449,entity_0255,entity_0191,1,1.0,True,True,,7.3167041121050715
12,3,14231,entity_0300,entity_0155,1,0.0,True,False,,7.3167041121050715
12,4,9517,entity_0295,entity_0911,1,0.0,True,False,,7.3167041121050715
12,5,16619,entity_0797,entity_0750,1,1.0,True,True,,7.3167041121050715
12,6,2305,entity_0264,entity_0975,0,0.0,True,True,,7.3167041121050715
12,7,14947,entity_0258,entity_0525,0,1.0,True,False,,7.3167041121050715
12,8,7615,entity_0974,entity_0303,1,0.0,True,False,,7.3167041121050715
12,9,17765,entity_0763,entity_0390,0,0.0,True,True,,7.3167041121050715
12,10,7991,entity_0503,entity_0784,0,0.0,True,True,,7.3167041121050715
12,11,1297,entity_0863,entity_0880,0,0.0,True,True,,7.3167041121050715
12,12,1061,entity_0883,entity_0866,0,1.0,True,False,,7.3167041121050715
12,13,6053,entity_0717,entity_0773,1,0.0,True,False,,7.3167041121050715
12,14,7295,entity_0873,entity_0532,1,0.0,True,False,,7.3167041121050715
12,15,5549,entity_0414,entity_0567,1,0.0,True,False,,7.3167041121050715
12,16,12745,entity_0959,entity_0855,1,0.0,True,False,,7.3167041121050715
12,17,59,entity_0031,entity_0101,0,0.0,True,True,,7.3167041121050715
12,18,9255,entity_0196,entity_0364,0,1.0,True,False,,7.3167041121050715
12,19,9307,entity_0346,entity_0203,0,0.0,True,True,,7.3167041121050715
12,20,17235,entity_0774,entity_0859,1,0.0,True,False,,7.3167041121050715
12,21,13155,entity_0647,entity_0767,1,0.0,True,False,,7.3167041121050715
12,22,15509,entity_0731,entity_0863,0,0.0,True,True,,7.3167041121050715
12,23,3713,entity_0204,entity_0038,0,0.0,True,True,,7.3167041121050715
12,24,7729,entity_0072,entity_0068,0,1.0,True,False,,7.3167041121050715
12,25,4359,entity_0752,entity_0060,1,1.0,True,True,,7.3167041121050715
12,26,2731,entity_0010,entity_0180,1,1.0,True,True,,7.3167041121050715
12,27,11383,entity_0688,entity_0416,1,0.0,True,False,,7.3167041121050715
12,28,6563,entity_0069,entity_0926,0,0.0,True,True,,7.3167041121050715
12,29,13279,entity_0003,entity_0255,0,0.0,True,True,,7.3167041121050715
12,30,8029,entity_0407,entity_0871,0,1.0,True,False,,7.3167041121050715
12,31,12905,entity_0404,entity_0825,0,0.0,True,True,,7.3167041121050715
12,32,7377,entity_0974,entity_0688,1,0.0,True,False,,7.3167041121050715
12,33,1033,entity_0290,entity_0733,1,0.0,True,False,,7.3167041121050715
12,34,11351,entity_0150,entity_0447,0,0.0,True,True,,7.3167041121050715
12,35,17025,entity_0064,entity_0113,1,0.0,True,False,,7.3167041121050715
12,36,521,entity_0340,entity_0279,0,0.0,True,True,,7.3167041121050715
12,37,4631,entity_0032,entity_0167,0,0.0,True,True,,7.3167041121050715
12,38,6943,entity_0762,entity_0326,0,0.0,True,True,,7.3167041121050715
12,39,5843,entity_0340,entity_0621,0,0.0,True,True,,7.3167041121050715
12,40,4711,entity_0263,entity_0562,0,0.0,True,True,,7.3167041121050715
12,41,25,entity_0077,entity_0374,0,0.0,True,True,,7.3167041121050715
12,42,17969,entity_0043,entity_0594,0,0.0,True,True,,7.3167041121050715
12,43,4763,entity_0366,entity_0707,1,0.0,True,False,,7.3167041121050715
12,44,15871,entity_0558,entity_0167,0,0.0,True,True,,7.3167041121050715
12,45,4983,entity_0509,entity_0108,1,0.0,True,False,,7.3167041121050715
12,46,11043,entity_0792,entity_0621,1,0.0,True,False,,7.3167041121050715
12,47,8327,entity_0214,entity_0483,1,0.0,True,False,,7.3167041121050715
12,48,6013,entity_0206,entity_0956,0,0.0,True,True,,7.3167041121050715
12,49,16073,entity_0870,entity_0208,0,0.0,True,True,,7.3167041121050715
12,50,13377,entity_0857,entity_0709,1,0.0,True,False,,7.3167041121050715
12,51,10421,entity_0812,entity_0246,1,0.0,True,False,,7.3167041121050715
12,52,357,entity_0091,entity_0537,0,0.0,True,True,,7.3167041121050715
12,53,15819,entity_0989,entity_0464,1,0.0,True,False,,7.3167041121050715
12,54,3675,entity_0907,entity_0486,0,0.0,True,True,,7.3167041121050715
12,55,15637,entity_0533,entity_0186,1,0.0,True,False,,7.3167041121050715
12,56,11575,entity_0861,entity_0240,0,0.0,True,True,,7.3167041121050715
12,57,7847,entity_0457,entity_0194,1,0.0,True,False,,7.3167041121050715
12,58,7845,entity_0723,entity_0301,0,0.0,True,True,,7.3167041121050715
12,59,7373,entity_0301,entity_0541,1,0.0,True,False,,7.3167041121050715
12,60,10763,entity_0540,entity_0644,1,0.0,True,False,,7.3167041121050715
12,61,15295,entity_0669,entity_0533,1,0.0,True,False,,7.3167041121050715
12,62,16865,entity_0260,entity_0637,1,0.0,True,False,,7.3167041121050715
12,63,3889,entity_0449,entity_0213,0,0.0,True,True,,7.3167041121050715
13,0,16315,entity_0409,entity_0505,1,0.0,True,False,,7.27539492957294
13,1,2775,entity_0624,entity_0212,0,1.0,True,False,,7.27539492957294
13,2,2139,entity_0317,entity_0135,1,0.0,True,False,,7.27539492957294
13,3,15349,entity_0318,entity_0478,1,0.0,True,False,,7.27539492957294
13,4,49,entity_0568,entity_0301,0,0.0,True,True,,7.27539492957294
13,5,2181,entity_0495,entity_0766,0,0.0,True,True,,7.27539492957294
13,6,4113,entity_0799,entity_0627,0,0.0,True,True,,7.27539492957294
13,7,14803,entity_0273,entity_0618,0,0.0,True,True,,7.27539492957294
13,8,9405,entity_0385,entity_0111,1,0.0,True,False,,7.27539492957294
13,9,1755,entity_0054,entity_0810,1,0.0,True,False,,7.27539492957294
13,10,7927,entity_0998,entity_0569,0,0.0,True,True,,7.27539492957294
13,11,7887,entity_0963,entity_0879,0,0.0,True,True,,7.27539492957294
13,12,6165,entity_0946,entity_0405,1,0.0,True,False,,7.27539492957294
13,13,487,entity_0599,entity_0798,0,0.0,True,True,,7.27539492957294
13,14,6857,entity_0177,entity_0697,0,0.0,True,True,,7.27539492957294
13,15,1431,entity_0950,entity_0679,1,0.0,True,False,,7.27539492957294
13,16,15217,entity_0106,entity_0148,1,0.0,True,False,,7.27539492957294
13,17,17889,entity_0935,entity_0185,0,1.0,True,False,,7.27539492957294
13,18,12931,entity_0260,entity_0314,1,0.0,True,False,,7.27539492957294
13,19,13797,entity_0068,entity_0741,0,0.0,True,True,,7.27539492957294
13,20,5719,entity_0505,entity_0353,0,0.0,True,True,,7.27539492957294
13,21,727,entity_0680,entity_0753,1,1.0,True,True,,7.27539492957294
13,22,12271,entity_0233,entity_0757,0,0.0,True,True,,7.27539492957294
13,23,11849,entity_0193,entity_0025,0,0.0,True,True,,7.27539492957294
13,24,5135,entity_0592,entity_0370,1,0.0,True,False,,7.27539492957294
13,25,525,entity_0351,entity_0271,0,0.0,True,True,,7.27539492957294
13,26,10305,entity_0204,entity_0455,0,0.0,True,True,,7.27539492957294
13,27,6005,entity_0398,entity_0564,1,0.0,True,False,,7.27539492957294
13,28,16873,entity_0627,entity_0277,0,0.0,True,True,,7.27539492957294
13,29,10071,entity_0207,entity_0338,1,0.0,True,False,,7.27539492957294
13,30,313,entity_0127,entity_0417,1,0.0,True,False,,7.27539492957294
13,31,12685,entity_0336,entity_0310,0,0.0,True,True,,7.27539492957294
13,32,17257,entity_0335,entity_0412,1,0.0,True,False,,7.27539492957294
13,33,6387,entity_0570,entity_0009,1,0.0,True,False,,7.27539492957294
13,34,9599,entity_0986,entity_0066,1,0.0,True,False,,7.27539492957294
13,35,17627,entity_0683,entity_0299,1,0.0,True,False,,7.27539492957294
13,36,1729,entity_0852,entity_0840,1,0.0,True,False,,7.27539492957294
13,37,17343,entity_0014,entity_0032,0,0.0,True,True,,7.27539492957294
13,38,16185,entity_0298,entity_0151,1,1.0,True,True,,7.27539492957294
13,39,15235,entity_0316,entity_0793,0,0.0,True,True,,7.27539492957294
13,40,13721,entity_0885,entity_0443,1,0.0,True,False,,7.27539492957294
13,41,11681,entity_0240,entity_0774,0,0.0,True,True,,7.27539492957294
13,42,10117,entity_0346,entity_0173,1,0.0,True,False,,7.27539492957294
13,43,865,entity_0549,entity_0343,0,0.0,True,True,,7.27539492957294
13,44,9543,entity_0619,entity_0020,1,0.0,True,False,,7.27539492957294
13,45,5327,entity_0814,entity_0207,0,0.0,True,True,,7.27539492957294
13,46,3449,entity_0330,entity_0588,0,0.0,True,True,,7.27539492957294
13,47,1873,entity_0636,entity_0954,1,0.0,True,False,,7.27539492957294
13,48,5527,entity_0341,entity_0618,1,0.0,True,False,,7.27539492957294
13,49,4273,entity_0372,entity_0669,0,0.0,True,True,,7.27539492957294
13,50,11853,entity_0639,entity_0231,1,0.0,True,False,,7.27539492957294
13,51,14699,entity_0579,entity_0834,0,0.0,True,True,,7.27539492957294
13,52,4165,entity_0067,entity_0286,0,0.0,True,True,,7.27539492957294
13,53,4021,entity_0108,entity_0053,1,0.0,True,False,,7.27539492957294
13,54,5393,entity_0110,entity_0856,1,0.0,True,False,,7.27539492957294
13,55,425,entity_0931,entity_0594,1,0.0,True,False,,7.27539492957294
13,56,141,entity_0596,entity_0830,0,0.0,True,True,,7.27539492957294
13,57,14573,entity_0516,entity_0155,0,0.0,True,True,,7.27539492957294
13,58,6203,entity_0128,entity_0723,0,0.0,True,True,,7.27539492957294
13,59,17927,entity_0316,entity_0444,0,0.0,True,True,,7.27539492957294
13,60,16289,entity_0238,entity_0634,1,0.0,True,False,,7.27539492957294
13,61,6037,entity_0396,entity_0647,0,0.0,True,True,,7.27539492957294
13,62,12811,entity_0334,entity_0630,1,0.0,True,False,,7.27539492957294
13,63,7943,entity_0987,entity_0891,1,0.0,True,False,,7.27539492957294
14,0,3549,entity_0085,entity_0059,1,0.0,True,False,,7.295658057555556
14,1,14189,entity_0444,entity_0121,0,1.0,True,False,,7.295658057555556
14,2,13777,entity_0752,entity_0657,0,1.0,True,False,,7.295658057555556
14,3,7751,entity_0519,entity_0508,0,0.0,True,True,,7.295658057555556
14,4,9389,entity_0352,entity_0164,0,1.0,True,False,,7.295658057555556
14,5,7765,entity_0015,entity_0183,1,0.0,True,False,,7.295658057555556
14,6,16025,entity_0592,entity_0263,0,0.0,True,True,,7.295658057555556
14,7,9663,entity_0621,entity_0199,1,1.0,True,True,,7.295658057555556
14,8,15763,entity_0925,entity_0414,1,0.0,True,False,,7.295658057555556
14,9,12599,entity_0472,entity_0330,1,0.0,True,False,,7.295658057555556
14,10,2069,entity_0596,entity_0860,1,0.0,True,False,,7.295658057555556
14,11,14213,entity_0286,entity_0008,0,0.0,True,True,,7.295658057555556
14,12,3061,entity_0993,entity_0899,0,0.0,True,True,,7.295658057555556
14,13,1007,entity_0386,entity_0026,0,0.0,True,True,,7.295658057555556
14,14,365,entity_0058,entity_0876,1,0.0,True,False,,7.295658057555556
14,15,6101,entity_0903,entity_0805,0,0.0,True,True,,7.295658057555556
14,16,16513,entity_0772,entity_0523,0,0.0,True,True,,7.295658057555556
14,17,15497,entity_0623,entity_0516,0,0.0,True,True,,7.295658057555556
14,18,8797,entity_0750,entity_0375,1,0.0,True,False,,7.295658057555556
14,19,15119,entity_0771,entity_0241,0,0.0,True,True,,7.295658057555556
14,20,7855,entity_0702,entity_0186,0,0.0,True,True,,7.295658057555556
14,21,9787,entity_0632,entity_0791,1,0.0,True,False,,7.295658057555556
14,22,7287,entity_0789,entity_0522,0,1.0,True,False,,7.295658057555556
14,23,10277,entity_0725,entity_0205,0,0.0,True,True,,7.295658057555556
14,24,9027,entity_0534,entity_0139,0,0.0,True,True,,7.295658057555556
14,25,713,entity_0636,entity_0722,0,0.0,True,True,,7.295658057555556
14,26,2363,entity_0712,entity_0282,1,0.0,True,False,,7.295658057555556
14,27,12699,entity_0811,entity_0523,1,0.0,True,False,,7.295658057555556
14,28,14499,entity_0931,entity_0443,0,0.0,True,True,,7.295658057555556
14,29,9399,entity_0374,entity_0697,1,0.0,True,False,,7.295658057555556
14,30,10079,entity_0508,entity_0787,0,0.0,True,True,,7.295658057555556
14,31,17393,entity_0131,entity_0014,1,0.0,True,False,,7.295658057555556
14,32,17641,entity_0907,entity_0702,0,0.0,True,True,,7.295658057555556
14,33,11161,entity_0325,entity_0272,1,0.0,True,False,,7.295658057555556
14,34,11641,entity_0225,entity_0929,1,0.0,True,False,,7.295658057555556
14,35,2023,entity_0208,entity_0376,0,0.0,True,True,,7.295658057555556
14,36,2131,entity_0254,entity_0431,1,0.0,True,False,,7.295658057555556
14,37,14985,entity_0402,entity_0308,0,0.0,True,True,,7.295658057555556
14,38,14269,entity_0302,entity_0878,1,0.0,True,False,,7.295658057555556
14,39,5879,entity_0864,entity_0071,0,0.0,True,True,,7.295658057555556
14,40,5747,entity_0948,entity_0187,0,0.0,True,True,,7.295658057555556
14,41,947,entity_0354,entity_0782,0,0.0,True,True,,7.295658057555556
14,42,13441,entity_0726,entity_0316,0,0.0,True,True,,7.295658057555556
14,43,3265,entity_0994,entity_0328,1,0.0,True,False,,7.295658057555556
14,44,11577,entity_0467,entity_0754,1,0.0,True,False,,7.295658057555556
14,45,5881,entity_0846,entity_0114,1,0.0,True,False,,7.295658057555556
14,46,14775,entity_0943,entity_0665,1,0.0,True,False,,7.295658057555556
14,47,3067,entity_0112,entity_0032,0,0.0,True,True,,7.295658057555556
14,48,14179,entity_0338,entity_0121,1,0.0,True,False,,7.295658057555556
14,49,10177,entity_0032,entity_0714,0,0.0,True,True,,7.295658057555556
14,50,7483,entity_0983,entity_0820,1,0.0,True,False,,7.295658057555556
14,51,12003,entity_0200,entity_0778,0,0.0,True,True,,7.295658057555556
14,52,15929,entity_0719,entity_0870,1,0.0,True,False,,7.295658057555556
14,53,5743,entity_0577,entity_0115,0,0.0,True,True,,7.295658057555556
14,54,14907,entity_0787,entity_0778,1,0.0,True,False,,7.295658057555556
14,55,10237,entity_0691,entity_0195,1,0.0,True,False,,7.295658057555556
14,56,11701,entity_0024,entity_0209,1,0.0,True,False,,7.295658057555556
14,57,867,entity_0972,entity_0700,1,0.0,True,False,,7.295658057555556
14,58,7009,entity_0339,entity_0970,0,0.0,True,True,,7.295658057555556
14,59,2099,entity_0369,entity_0849,1,0.0,True,False,,7.295658057555556
14,60,13213,entity_0145,entity_0202,1,0.0,True,False,,7.295658057555556
14,61,17283,entity_0668,entity_0717,1,0.0,True,False,,7.295658057555556
14,62,2183,entity_0355,entity_0236,0,1.0,True,False,,7.295658057555556
14,63,7859,entity_0567,entity_0907,1,0.0,True,False,,7.295658057555556
15,0,13169,entity_0072,entity_0466,0,0.0,True,True,,7.305854468606412
15,1,4369,entity_0295,entity_0504,0,1.0,True,False,,7.305854468606412
15,2,5601,entity_0883,entity_0561,1,0.0,True,False,,7.305854468606412
15,3,3755,entity_0153,entity_0696,1,1.0,True,True,,7.305854468606412
15,4,1405,entity_0299,entity_0784,0,1.0,True,False,,7.305854468606412
15,5,5559,entity_0132,entity_0111,0,0.0,True,True,,7.305854468606412
15,6,9191,entity_0713,entity_0921,0,0.0,True,True,,7.305854468606412
15,7,16185,entity_0298,entity_0151,1,0.0,True,False,,7.305854468606412
15,8,7611,entity_0892,entity_0201,0,0.0,True,True,,7.305854468606412
15,9,10523,entity_0306,entity_0501,1,0.0,True,False,,7.305854468606412
15,10,4105,entity_0089,entity_0974,0,0.0,True,True,,7.305854468606412
15,11,4723,entity_0463,entity_0981,0,0.0,True,True,,7.305854468606412
15,12,14385,entity_0462,entity_0190,0,1.0,True,False,,7.305854468606412
15,13,5917,entity_0254,entity_0790,0,0.0,True,True,,7.305854468606412
15,14,7375,entity_0088,entity_0981,1,0.0,True,False,,7.305854468606412
15,15,14115,entity_0902,entity_0121,1,0.0,True,False,,7.305854468606412
15,16,8843,entity_0103,entity_0419,1,0.0,True,False,,7.305854468606412
15,17,3495,entity_0627,entity_0080,0,0.0,True,True,,7.305854468606412
15,18,3261,entity_0478,entity_0332,0,0.0,True,True,,7.305854468606412
15,19,1255,entity_0690,entity_0063,0,0.0,True,True,,7.305854468606412
15,20,709,entity_0963,entity_0212,0,1.0,True,False,,7.305854468606412
15,21,5949,entity_0161,entity_0851,0,0.0,True,True,,7.305854468606412
15,22,5705,entity_0535,entity_0284,1,0.0,True,False,,7.305854468606412
15,23,7211,entity_0113,entity_0521,0,0.0,True,True,,7.305854468606412
15,24,2201,entity_0916,entity_0800,0,1.0,True,False,,7.305854468606412
15,25,5231,entity_0746,entity_0352,0,0.0,True,True,,7.305854468606412
15,26,10343,entity_0301,entity_0684,1,0.0,True,False,,7.305854468606412
15,27,13423,entity_0659,entity_0396,1,0.0,True,False,,7.305854468606412
15,28,857,entity_0991,entity_0570,0,0.0,True,True,,7.305854468606412
15,29,5141,entity_0736,entity_0173,0,0.0,True,True,,7.305854468606412
15,30,4737,entity_0710,entity_0316,0,0.0,True,True,,7.305854468606412
15,31,13521,entity_0054,entity_0652,1,0.0,True,False,,7.305854468606412
15,32,4095,entity_0637,entity_0298,1,0.0,True,False,,7.305854468606412
15,33,10465,entity_0841,entity_0678,1,0.0,True,False,,7.305854468606412
15,34,17543,entity_0162,entity_0061,0,0.0,True,True,,7.305854468606412
15,35,8051,entity_0494,entity_0562,1,0.0,True,False,,7.305854468606412
15,36,8497,entity_0574,entity_0368,0,0.0,True,True,,7.305854468606412
15,37,1221,entity_0998,entity_0814,0,0.0,True,True,,7.305854468606412
15,38,12737,entity_0427,entity_0383,1,0.0,True,False,,7.305854468606412
15,39,5691,entity_0088,entity_0801,1,0.0,True,False,,7.305854468606412
15,40,8751,entity_0330,entity_0102,1,0.0,True,False,,7.305854468606412
15,41,17949,entity_0224,entity_0681,0,1.0,True,False,,7.305854468606412
15,42,4151,entity_0697,entity_0079,1,0.0,True,False,,7.305854468606412
15,43,2215,entity_0788,entity_0108,1,0.0,True,False,,7.305854468606412
15,44,3651,entity_0694,entity_0606,1,0.0,True,False,,7.305854468606412
15,45,3313,entity_0253,entity_0645,0,0.0,True,True,,7.305854468606412
15,46,1449,entity_0530,entity_0173,1,0.0,True,False,,7.305854468606412
15,47,12695,entity_0615,entity_0339,1,1.0,True,True,,7.305854468606412
15,48,13845,entity_0775,entity_0216,1,0.0,True,False,,7.305854468606412
15,49,17117,entity_0817,entity_0716,1,1.0,True,True,,7.305854468606412
15,50,5885,entity_0328,entity_0884,1,0.0,True,False,,7.305854468606412
15,51,8709,entity_0337,entity_0993,1,0.0,True,False,,7.305854468606412
15,52,8479,entity_0583,entity_0338,0,0.0,True,True,,7.305854468606412
15,53,2453,entity_0227,entity_0344,1,0.0,True,False,,7.305854468606412
15,54,3015,entity_0137,entity_0528,1,0.0,True,False,,7.305854468606412
15,55,2497,entity_0213,entity_0158,0,0.0,True,True,,7.305854468606412
15,56,9265,entity_0237,entity_0623,0,0.0,True,True,,7.305854468606412
15,57,5475,entity_0683,entity_0800,1,0.0,True,False,,7.305854468606412
15,58,6507,entity_0488,entity_0239,1,0.0,True,False,,7.305854468606412
15,59,7195,entity_0800,entity_0176,1,0.0,True,False,,7.305854468606412
15,60,8611,entity_0885,entity_0637,0,0.0,True,True,,7.305854468606412
15,61,9509,entity_0236,entity_0775,0,0.0,True,True,,7.305854468606412
15,62,16893,entity_0949,entity_0561,1,0.0,True,False,,7.305854468606412
15,63,15309,entity_0960,entity_0664,0,0.0,True,True,,7.305854468606412
16,0,16997,entity_0445,entity_0460,0,0.0,True,True,,7.293532432988286
16,1,17,entity_0161,entity_0534,1,0.0,True,False,,7.293532432988286
16,2,12213,entity_0536,entity_0654,0,0.0,True,True,,7.293532432988286
16,3,313,entity_0127,entity_0417,1,0.0,True,False,,7.293532432988286
16,4,13187,entity_0416,entity_0303,1,0.0,True,False,,7.293532432988286
16,5,11003,entity_0477,entity_0506,1,0.0,True,False,,7.293532432988286
16,6,4267,entity_0921,entity_0644,1,0.0,True,False,,7.293532432988286
16,7,5275,entity_0801,entity_0315,0,0.0,True,True,,7.293532432988286
16,8,11445,entity_0442,entity_0413,1,0.0,True,False,,7.293532432988286
16,9,2481,entity_0437,entity_0690,1,0.0,True,False,,7.293532432988286
16,10,13085,entity_0577,entity_0986,1,0.0,True,False,,7.293532432988286
16,11,14649,entity_0807,entity_0016,0,0.0,True,True,,7.293532432988286
16,12,2045,entity_0315,entity_0663,1,0.0,True,False,,7.293532432988286
16,13,15499,entity_0349,entity_0566,0,0.0,True,True,,7.293532432988286
16,14,2197,entity_0709,entity_0879,1,0.0,True,False,,7.293532432988286
16,15,953,entity_0830,entity_0300,1,1.0,True,True,,7.293532432988286
16,16,15887,entity_0002,entity_0928,1,1.0,True,True,,7.293532432988286
16,17,831,entity_0721,entity_0698,1,0.0,True,False,,7.293532432988286
16,18,2635,entity_0043,entity_0113,1,0.0,True,False,,7.293532432988286
16,19,5017,entity_0423,entity_0102,0,1.0,True,False,,7.293532432988286
16,20,3269,entity_0061,entity_0592,1,0.0,True,False,,7.293532432988286
16,21,2575,entity_0038,entity_0053,0,0.0,True,True,,7.293532432988286
16,22,5643,entity_0815,entity_0697,1,0.0,True,False,,7.293532432988286
16,23,9463,entity_0103,entity_0545,0,0.0,True,True,,7.293532432988286
16,24,17831,entity_0983,entity_0015,1,0.0,True,False,,7.293532432988286
16,25,6055,entity_0805,entity_0643,0,0.0,True,True,,7.293532432988286
16,26,2879,entity_0682,entity_0649,0,0.0,True,True,,7.293532432988286
16,27,15423,entity_0174,entity_0193,1,0.0,True,False,,7.293532432988286
16,28,5463,entity_0507,entity_0585,1,0.0,True,False,,7.293532432988286
16,29,929,entity_0355,entity_0358,0,0.0,True,True,,7.293532432988286
16,30,7863,entity_0753,entity_0156,1,0.0,True,False,,7.293532432988286
16,31,14903,entity_0153,entity_0414,0,0.0,True,True,,7.293532432988286
16,32,2899,entity_0844,entity_0416,1,0.0,True,False,,7.293532432988286
16,33,5699,entity_0625,entity_0746,0,0.0,True,True,,7.293532432988286
16,34,1451,entity_0751,entity_0174,1,0.0,True,False,,7.293532432988286
16,35,9163,entity_0338,entity_0254,0,0.0,True,True,,7.293532432988286
16,36,6027,entity_0316,entity_0075,1,1.0,True,True,,7.293532432988286
16,37,8873,entity_0142,entity_0263,0,0.0,True,True,,7.293532432988286
16,38,5467,entity_0859,entity_0216,0,0.0,True,True,,7.293532432988286
16,39,6585,entity_0846,entity_0579,0,0.0,True,True,,7.293532432988286
16,40,15753,entity_0822,entity_0594,1,0.0,True,False,,7.293532432988286
16,41,1855,entity_0743,entity_0590,0,0.0,True,True,,7.293532432988286
16,42,12459,entity_0091,entity_0696,1,0.0,True,False,,7.293532432988286
16,43,4931,entity_0932,entity_0921,0,0.0,True,True,,7.293532432988286
16,44,6605,entity_0773,entity_0341,0,0.0,True,True,,7.293532432988286
16,45,15103,entity_0279,entity_0417,0,0.0,True,True,,7.293532432988286
16,46,9565,entity_0967,entity_0255,1,0.0,True,False,,7.293532432988286
16,47,5733,entity_0078,entity_0555,0,0.0,True,True,,7.293532432988286
16,48,9865,entity_0849,entity_0386,0,0.0,True,True,,7.293532432988286
16,49,8153,entity_0879,entity_0857,1,0.0,True,False,,7.293532432988286
16,50,10411,entity_0881,entity_0513,1,0.0,True,False,,7.293532432988286
16,51,9579,entity_0874,entity_0256,0,0.0,True,True,,7.293532432988286
16,52,6193,entity_0272,entity_0907,0,0.0,True,True,,7.293532432988286
16,53,2939,entity_0633,entity_0582,0,0.0,True,True,,7.293532432988286
16,54,12729,entity_0918,entity_0182,0,0.0,True,True,,7.293532432988286
16,55,7901,entity_0724,entity_0550,0,0.0,True,True,,7.293532432988286
16,56,3115,entity_0311,entity_0537,1,0.0,True,False,,7.293532432988286
16,57,2977,entity_0129,entity_0052,1,0.0,True,False,,7.293532432988286
16,58,7975,entity_0763,entity_0997,0,0.0,True,True,,7.293532432988286
16,59,16707,entity_0382,entity_0686,0,0.0,True,True,,7.293532432988286
16,60,1239,entity_0385,entity_0071,1,0.0,True,False,,7.293532432988286
16,61,16597,entity_0321,entity_0281,1,0.0,True,False,,7.293532432988286
16,62,11247,entity_0004,entity_0234,0,0.0,True,True,,7.293532432988286
16,63,15619,entity_0154,entity_0566,0,0.0,True,True,,7.293532432988286
17,0,16559,entity_0235,entity_0737,1,0.0,True,False,,7.289304736070335
17,1,6157,entity_0152,entity_0718,0,1.0,True,False,,7.289304736070335
17,2,13035,entity_0908,entity_0111,0,0.0,True,True,,7.289304736070335
17,3,5555,entity_0568,entity_0258,0,0.0,True,True,,7.289304736070335
17,4,8199,entity_0951,entity_0957,0,1.0,True,False,,7.289304736070335
17,5,6717,entity_0011,entity_0371,1,0.0,True,False,,7.289304736070335
17,6,1987,entity_0380,entity_0755,0,0.0,True,True,,7.289304736070335
17,7,753,entity_0507,entity_0353,0,1.0,True,False,,7.289304736070335
17,8,8623,entity_0938,entity_0694,1,1.0,True,True,,7.289304736070335
17,9,2609,entity_0303,entity_0688,1,0.0,True,False,,7.289304736070335
17,10,1071,entity_0609,entity_0201,1,0.0,True,False,,7.289304736070335
17,11,16937,entity_0884,entity_0527,0,0.0,True,True,,7.289304736070335
17,12,10735,entity_0256,entity_0493,1,0.0,True,False,,7.289304736070335
17,13,11469,entity_0064,entity_0946,0,0.0,True,True,,7.289304736070335
17,14,2933,entity_0100,entity_0506,1,1.0,True,True,,7.289304736070335
17,15,16421,entity_0898,entity_0385,0,0.0,True,True,,7.289304736070335
17,16,5473,entity_0218,entity_0570,0,0.0,True,True,,7.289304736070335
17,17,9495,entity_0251,entity_0699,0,0.0,True,True,,7.289304736070335
17,18,601,entity_0363,entity_0610,0,1.0,True,False,,7.289304736070335
17,19,6897,entity_0788,entity_0557,1,0.0,True,False,,7.289304736070335
17,20,9241,entity_0127,entity_0148,1,1.0,True,True,,7.289304736070335
17,21,11361,entity_0714,entity_0095,0,0.0,True,True,,7.289304736070335
17,22,1823,entity_0836,entity_0671,1,0.0,True,False,,7.289304736070335
17,23,4273,entity_0372,entity_0669,0,0.0,True,True,,7.289304736070335
17,24,7557,entity_0010,entity_0502,1,0.0,True,False,,7.289304736070335
17,25,11461,entity_0699,entity_0285,1,1.0,True,True,,7.289304736070335
17,26,14907,entity_0787,entity_0778,1,0.0,True,False,,7.289304736070335
17,27,7485,entity_0230,entity_0073,1,0.0,True,False,,7.289304736070335
17,28,12395,entity_0086,entity_0482,1,0.0,True,False,,7.289304736070335
17,29,13839,entity_0957,entity_0140,0,0.0,True,True,,7.289304736070335
17,30,16953,entity_0309,entity_0157,0,0.0,True,True,,7.289304736070335
17,31,1157,entity_0496,entity_0521,1,0.0,True,False,,7.289304736070335
17,32,12159,entity_0760,entity_0124,1,0.0,True,False,,7.289304736070335
17,33,17441,entity_0098,entity_0633,0,0.0,True,True,,7.289304736070335
17,34,757,entity_0752,entity_0572,0,0.0,True,True,,7.289304736070335
17,35,14649,entity_0807,entity_0016,0,0.0,True,True,,7.289304736070335
17,36,17723,entity_0948,entity_0326,0,1.0,True,False,,7.289304736070335
17,37,3841,entity_0810,entity_0901,0,0.0,True,True,,7.289304736070335
17,38,7073,entity_0377,entity_0269,1,0.0,True,False,,7.289304736070335
17,39,1817,entity_0983,entity_0087,1,0.0,True,False,,7.289304736070335
17,40,17531,entity_0319,entity_0580,1,1.0,True,True,,7.289304736070335
17,41,1343,entity_0110,entity_0334,1,0.0,True,False,,7.289304736070335
17,42,7751,entity_0519,entity_0508,0,0.0,True,True,,7.289304736070335
17,43,13719,entity_0801,entity_0941,0,0.0,True,True,,7.289304736070335
17,44,3223,entity_0073,entity_0105,1,0.0,True,False,,7.289304736070335
17,45,12289,entity_0698,entity_0607,0,0.0,True,True,,7.289304736070335
17,46,2113,entity_0994,entity_0649,1,0.0,True,False,,7.289304736070335
17,47,5347,entity_0891,entity_0205,0,1.0,True,False,,7.289304736070335
17,48,2927,entity_0656,entity_0630,1,0.0,True,False,,7.289304736070335
17,49,10871,entity_0611,entity_0322,0,0.0,True,True,,7.289304736070335
17,50,10851,entity_0610,entity_0296,1,0.0,True,False,,7.289304736070335
17,51,2637,entity_0536,entity_0360,1,0.0,True,False,,7.289304736070335
17,52,15599,entity_0224,entity_0899,0,0.0,True,True,,7.289304736070335
17,53,499,entity_0881,entity_0926,0,0.0,True,True,,7.289304736070335
17,54,4711,entity_0263,entity_0562,0,0.0,True,True,,7.289304736070335
17,55,8143,entity_0918,entity_0597,1,0.0,True,False,,7.289304736070335
17,56,6401,entity_0223,entity_0495,1,0.0,True,False,,7.289304736070335
17,57,16297,entity_0845,entity_0699,0,0.0,True,True,,7.289304736070335
17,58,13957,entity_0863,entity_0819,1,1.0,True,True,,7.289304736070335
17,59,7401,entity_0050,entity_0076,1,0.0,True,False,,7.289304736070335
17,60,8715,entity_0535,entity_0326,1,1.0,True,True,,7.289304736070335
17,61,8507,entity_0817,entity_0635,1,0.0,True,False,,7.289304736070335
17,62,16717,entity_0593,entity_0140,0,0.0,True,True,,7.289304736070335
17,63,15425,entity_0779,entity_0116,0,0.0,True,True,,7.289304736070335
18,0,2181,entity_0495,entity_0766,0,0.0,True,True,,7.283523936755955
18,1,2685,entity_0919,entity_0310,0,1.0,True,False,,7.283523936755955
18,2,16701,entity_0939,entity_0529,0,0.0,True,True,,7.283523936755955
18,3,2577,entity_0406,entity_0495,1,0.0,True,False,,7.283523936755955
18,4,1727,entity_0978,entity_0790,0,0.0,True,True,,7.283523936755955
18,5,16309,entity_0715,entity_0023,1,0.0,True,False,,7.283523936755955
18,6,13163,entity_0380,entity_0317,1,0.0,True,False,,7.283523936755955
18,7,4387,entity_0654,entity_0935,0,0.0,True,True,,7.283523936755955
18,8,17299,entity_0510,entity_0042,1,0.0,True,False,,7.283523936755955
18,9,8461,entity_0891,entity_0691,0,0.0,True,True,,7.283523936755955
18,10,12487,entity_0618,entity_0398,0,0.0,True,True,,7.283523936755955
18,11,2317,entity_0881,entity_0020,0,0.0,True,True,,7.283523936755955
18,12,15265,entity_0013,entity_0570,0,0.0,True,True,,7.283523936755955
18,13,7609,entity_0361,entity_0458,0,1.0,True,False,,7.283523936755955
18,14,5841,entity_0697,entity_0521,1,1.0,True,True,,7.283523936755955
18,15,7977,entity_0789,entity_0455,1,0.0,True,False,,7.283523936755955
18,16,3731,entity_0755,entity_0555,1,0.0,True,False,,7.283523936755955
18,17,13457,entity_0306,entity_0913,0,0.0,True,True,,7.283523936755955
18,18,13997,entity_0753,entity_0928,1,1.0,True,True,,7.283523936755955
18,19,2735,entity_0839,entity_0292,0,0.0,True,True,,7.283523936755955
18,20,13773,entity_0731,entity_0391,1,0.0,True,False,,7.283523936755955
18,21,9409,entity_0446,entity_0877,0,0.0,True,True,,7.283523936755955
18,22,7227,entity_0839,entity_0410,0,1.0,True,False,,7.283523936755955
18,23,8487,entity_0914,entity_0481,1,0.0,True,False,,7.283523936755955
18,24,8783,entity_0244,entity_0970,1,0.0,True,False,,7.283523936755955
18,25,12151,entity_0206,entity_0247,0,0.0,True,True,,7.283523936755955
18,26,5451,entity_0630,entity_0133,0,0.0,True,True,,7.283523936755955
18,27,1625,entity_0575,entity_0038,1,0.0,True,False,,7.283523936755955
18,28,17455,entity_0199,entity_0700,0,0.0,True,True,,7.283523936755955
18,29,13207,entity_0713,entity_0982,1,1.0,True,True,,7.283523936755955
18,30,6621,entity_0103,entity_0631,0,0.0,True,True,,7.283523936755955
18,31,4379,entity_0813,entity_0450,0,0.0,True,True,,7.283523936755955
18,32,8473,entity_0062,entity_0642,1,0.0,True,False,,7.283523936755955
18,33,627,entity_0086,entity_0354,1,0.0,True,False,,7.283523936755955
18,34,5623,entity_0705,entity_0967,0,1.0,True,False,,7.283523936755955
18,35,6011,entity_0177,entity_0026,1,0.0,True,False,,7.283523936755955
18,36,15989,entity_0712,entity_0213,1,0.0,True,False,,7.283523936755955
18,37,16647,entity_0129,entity_0841,1,0.0,True,False,,7.283523936755955
18,38,10941,entity_0142,entity_0856,1,0.0,True,False,,7.283523936755955
18,39,2031,entity_0428,entity_0872,0,0.0,True,True,,7.283523936755955
18,40,16621,entity_0344,entity_0958,1,0.0,True,False,,7.283523936755955
18,41,9497,entity_0637,entity_0644,0,0.0,True,True,,7.283523936755955
18,42,6419,entity_0248,entity_0488,1,0.0,True,False,,7.283523936755955
18,43,11489,entity_0882,entity_0127,1,0.0,True,False,,7.283523936755955
18,44,13109,entity_0214,entity_0294,1,0.0,True,False,,7.283523936755955
18,45,3791,entity_0559,entity_0167,0,0.0,True,True,,7.283523936755955
18,46,16425,entity_0120,entity_0167,1,0.0,True,False,,7.283523936755955
18,47,13329,entity_0982,entity_0173,0,1.0,True,False,,7.283523936755955
18,48,7475,entity_0157,entity_0814,1,0.0,True,False,,7.283523936755955
18,49,6305,entity_0755,entity_0854,1,0.0,True,False,,7.283523936755955
18,50,12157,entity_0856,entity_0412,0,1.0,True,False,,7.283523936755955
18,51,16899,entity_0936,entity_0817,1,0.0,True,False,,7.283523936755955
18,52,9647,entity_0465,entity_0542,1,0.0,True,False,,7.283523936755955
18,53,13611,entity_0385,entity_0107,0,0.0,True,True,,7.283523936755955
18,54,2027,entity_0629,entity_0783,0,0.0,True,True,,7.283523936755955
18,55,4639,entity_0113,entity_0618,0,0.0,True,True,,7.283523936755955
18,56,1137,entity_0079,entity_0625,0,0.0,True,True,,7.283523936755955
18,57,6883,entity_0804,entity_0155,1,0.0,True,False,,7.283523936755955
18,58,3467,entity_0264,entity_0811,1,0.0,True,False,,7.283523936755955
18,59,11211,entity_0211,entity_0933,1,0.0,True,False,,7.283523936755955
18,60,14117,entity_0683,entity_0956,0,0.0,True,True,,7.283523936755955
18,61,16681,entity_0532,entity_0139,0,1.0,True,False,,7.283523936755955
18,62,17015,entity_0513,entity_0609,1,0.0,True,False,,7.283523936755955
18,63,5779,entity_0336,entity_0816,0,0.0,True,True,,7.283523936755955
19,0,9815,entity_0858,entity_0159,1,0.0,True,False,,7.285986778326333
19,1,8939,entity_0235,entity_0643,0,1.0,True,False,,7.285986778326333
19,2,10067,entity_0210,entity_0764,0,0.0,True,True,,7.285986778326333
19,3,17931,entity_0008,entity_0792,1,0.0,True,False,,7.285986778326333
19,4,15189,entity_0679,entity_0005,1,0.0,True,False,,7.285986778326333
19,5,1761,entity_0778,entity_0123,1,0.0,True,False,,7.285986778326333
19,6,12577,entity_0442,entity_0641,0,0.0,True,True,,7.285986778326333
19,7,3875,entity_0940,entity_0047,0,0.0,True,True,,7.285986778326333
19,8,14137,entity_0488,entity_0134,1,1.0,True,True,,7.285986778326333
19,9,14229,entity_0508,entity_0955,1,0.0,True,False,,7.285986778326333
19,10,9589,entity_0365,entity_0503,0,0.0,True,True,,7.285986778326333
19,11,13619,entity_0474,entity_0395,1,0.0,True,False,,7.285986778326333
19,12,3573,entity_0969,entity_0751,0,0.0,True,True,,7.285986778326333
19,13,2261,entity_0066,entity_0527,0,0.0,True,True,,7.285986778326333
19,14,9499,entity_0963,entity_0385,0,1.0,True,False,,7.285986778326333
19,15,7443,entity_0398,entity_0488,0,0.0,True,True,,7.285986778326333
19,16,7845,entity_0723,entity_0301,0,0.0,True,True,,7.285986778326333
19,17,2355,entity_0392,entity_0848,1,0.0,True,False,,7.285986778326333
19,18,16227,entity_0148,entity_0417,1,0.0,True,False,,7.285986778326333
19,19,7557,entity_0010,entity_0502,1,0.0,True,False,,7.285986778326333
19,20,12041,entity_0945,entity_0378,1,0.0,True,False,,7.285986778326333
19,21,8185,entity_0819,entity_0998,0,0.0,True,True,,7.285986778326333
19,22,12023,entity_0325,entity_0375,0,0.0,True,True,,7.285986778326333
19,23,17089,entity_0668,entity_0663,0,0.0,True,True,,7.285986778326333
19,24,9755,entity_0405,entity_0722,1,0.0,True,False,,7.285986778326333
19,25,6683,entity_0084,entity_0042,1,0.0,True,False,,7.285986778326333
19,26,7503,entity_0103,entity_0588,1,0.0,True,False,,7.285986778326333
19,27,10641,entity_0976,entity_0338,1,1.0,True,True,,7.285986778326333
19,28,17851,entity_0638,entity_0464,0,0.0,True,True,,7.285986778326333
19,29,14761,entity_0335,entity_0299,1,0.0,True,False,,7.285986778326333
19,30,1691,entity_0983,entity_0183,1,0.0,True,False,,7.285986778326333
19,31,6393,entity_0556,entity_0606,1,0.0,True,False,,7.285986778326333
19,32,4219,entity_0215,entity_0167,0,0.0,True,True,,7.285986778326333
19,33,17351,entity_0412,entity_0840,0,0.0,True,True,,7.285986778326333
19,34,9315,entity_0213,entity_0466,0,0.0,True,True,,7.285986778326333
19,35,11455,entity_0720,entity_0970,1,0.0,True,False,,7.285986778326333
19,36,8649,entity_0592,entity_0539,0,0.0,True,True,,7.285986778326333
19,37,473,entity_0667,entity_0877,1,0.0,True,False,,7.285986778326333
19,38,6061,entity_0335,entity_0654,1,0.0,True,False,,7.285986778326333
19,39,4123,entity_0648,entity_0984,0,0.0,True,True,,7.285986778326333
19,40,1075,entity_0239,entity_0361,1,0.0,True,False,,7.285986778326333
19,41,3651,entity_0694,entity_0606,1,0.0,True,False,,7.285986778326333
19,42,2467,entity_0863,entity_0898,0,0.0,True,True,,7.285986778326333
19,43,591,entity_0232,entity_0419,0,0.0,True,True,,7.285986778326333
19,44,4837,entity_0773,entity_0324,0,0.0,True,True,,7.285986778326333
19,45,6345,entity_0544,entity_0632,0,0.0,True,True,,7.285986778326333
19,46,8457,entity_0818,entity_0532,1,0.0,True,False,,7.285986778326333
19,47,6067,entity_0641,entity_0725,0,0.0,True,True,,7.285986778326333
19,48,15571,entity_0064,entity_0844,0,0.0,True,True,,7.285986778326333
19,49,10493,entity_0762,entity_0248,0,0.0,True,True,,7.285986778326333
19,50,14809,entity_0781,entity_0302,1,0.0,True,False,,7.285986778326333
19,51,12951,entity_0832,entity_0341,1,0.0,True,False,,7.285986778326333
19,52,9543,entity_0619,entity_0020,1,0.0,True,False,,7.285986778326333
19,53,13063,entity_0579,entity_0495,0,0.0,True,True,,7.285986778326333
19,54,6213,entity_0693,entity_0820,0,0.0,True,True,,7.285986778326333
19,55,1509,entity_0988,entity_0752,0,0.0,True,True,,7.285986778326333
19,56,8309,entity_0215,entity_0330,1,0.0,True,False,,7.285986778326333
19,57,15727,entity_0141,entity_0288,0,0.0,True,True,,7.285986778326333
19,58,2347,entity_0194,entity_0781,1,0.0,True,False,,7.285986778326333
19,59,11681,entity_0240,entity_0774,0,0.0,True,True,,7.285986778326333
19,60,14041,entity_0189,entity_0571,0,1.0,True,False,,7.285986778326333
19,61,4719,entity_0436,entity_0959,1,0.0,True,False,,7.285986778326333
19,62,14735,entity_0007,entity_0853,1,0.0,True,False,,7.285986778326333
19,63,2917,entity_0719,entity_0959,1,0.0,True,False,,7.285986778326333
